dataset,image,method,height,width,gt_vessel_pixels,pred_vessel_pixels,dice,iou,sensitivity,specificity,precision,terminal_dice,terminal_iou,terminal_sensitivity,terminal_specificity,terminal_precision,gt_endpoint_count,pred_endpoint_count,endpoint_recall,endpoint_precision,missed_endpoint_count,pred_skeleton_pixels,gt_skeleton_pixels,skeleton_overlap,pred_skeleton_components,gt_skeleton_components,component_ratio
HRF,01_dr.jpg,baseline,1066,1600,86675,331840,0.3562405170662939,0.216723018644122,0.8600634554369773,0.8410710811186436,0.2246444069431051,0.24544570502431118,0.13989062961868165,0.6937877954920286,0.9872910690453686,0.1490962076162722,916,6826,0.7030567685589519,0.06812188690301788,272,71935,22566,0.24785074891429584,26594,9097,2.9233813345058812
HRF,01_dr.jpg,multiscale_line,1066,1600,86675,337559,0.35470990066802754,0.21559109898737513,0.8680703778482838,0.8379671695724015,0.22289436809565144,0.2455802611736773,0.13997805413313827,0.7013010811801356,0.9871287297597908,0.1488525865422015,916,6870,0.7030567685589519,0.0678311499272198,272,73311,22566,0.24762917663741912,26776,9097,2.9433879300868417
HRF,01_dr.jpg,connected_recovery,1066,1600,86675,358140,0.3444353270460753,0.20804703837484045,0.8838188635708105,0.8260975647420357,0.2138968001340258,0.24090030971144705,0.13694522888121885,0.7198094190947407,0.9863387962071426,0.1446564042130073,916,6748,0.6910480349344978,0.06742738589211618,283,75012,22566,0.248515465744926,26751,9097,2.9406397713531933
HRF,01_g.jpg,baseline,1066,1600,114193,268632,0.5096741330895318,0.3419883828132942,0.8543255716199767,0.8925014154141586,0.3631659668245034,0.3258102647277126,0.1946077304522019,0.6230680264956366,0.9876539497632495,0.22057619295764164,1050,5088,0.7780952380952381,0.15880503144654087,233,57731,30819,0.2620461403679548,21539,11825,1.8214799154334038
HRF,01_g.jpg,multiscale_line,1066,1600,114193,272226,0.512200487036093,0.3442671425639313,0.8666205459178759,0.8911252746783193,0.36352883266109776,0.32694979432836635,0.19542138856324084,0.6309536326358953,0.9875024246958739,0.2206412236193838,1050,5057,0.7742857142857142,0.15997627051611626,237,57737,30819,0.26610207988578477,21472,11825,1.8158139534883722
HRF,01_g.jpg,connected_recovery,1066,1600,114193,294946,0.4993950711127514,0.332795835532188,0.8946345222561803,0.8788587708863917,0.3463718782421189,0.32247548575716023,0.19223294981338104,0.6552412995478919,0.9864936332940075,0.21386410432395334,1050,5048,0.741904761904762,0.1531299524564184,271,58870,30819,0.27262403063045526,21365,11825,1.8067653276955602
HRF,01_h.jpg,baseline,1066,1600,173708,287764,0.6229153664794397,0.4523435606763957,0.8274172749671863,0.905975747637562,0.49946831431311767,0.3898175951239188,0.2420953017145402,0.5840719849583669,0.9938062154551354,0.29252707338400485,335,5599,0.8746268656716418,0.10805500982318271,42,62099,34182,0.37358843835937044,24090,12928,1.8633972772277227
HRF,01_h.jpg,multiscale_line,1066,1600,173708,291202,0.6274891914564109,0.4571834243857488,0.8397022589633177,0.9051245126941063,0.5008997190953359,0.39116465863453814,0.24313529705441836,0.588638195004029,0.9937691163463385,0.2929029671210906,335,5578,0.8716417910447761,0.10846181427034779,43,61147,34182,0.3843250833772161,23726,12928,1.8352413366336633
HRF,01_h.jpg,connected_recovery,1066,1600,173708,308465,0.6247135364277967,0.45424248182095106,0.8670297280493702,0.8969542239270132,0.4882563662003793,0.3925184862983906,0.24418227080852906,0.6059629331184528,0.9935035338373316,0.2902727740607308,335,5525,0.8656716417910447,0.10660633484162896,45,62460,34182,0.38312562167222514,23688,12928,1.8323019801980198
HRF,02_dr.jpg,baseline,1066,1600,108785,295042,0.4652140644384848,0.30311332261999263,0.8634738245162477,0.8740561680595436,0.3183716216674236,0.3112900842323038,0.1843360315029534,0.6299342105263158,0.9904839097022095,0.20672227674190383,689,6054,0.7910014513788098,0.09745622728774364,144,63115,28281,0.3089706870336975,24060,10956,2.1960569550930997
HRF,02_dr.jpg,multiscale_line,1066,1600,108785,301286,0.4617102891938225,0.3001452105870566,0.870221078273659,0.8706055491713192,0.3142097541870515,0.30995236536853205,0.18339859718576532,0.6372607655502392,0.9902578826919817,0.2047758612405708,689,6087,0.7880986937590712,0.09528503367833087,146,64405,28281,0.31303702132173544,24284,10956,2.216502373128879
HRF,02_dr.jpg,connected_recovery,1066,1600,108785,321819,0.44639158019897635,0.2873256700399109,0.883476582249391,0.8586498749072372,0.29864302604880383,0.301334156463285,0.17739460507187854,0.6568480861244019,0.9893602493831346,0.19551381903956563,689,5974,0.7750362844702468,0.09273518580515568,155,66002,28281,0.3099253916056717,24181,10956,2.207101131799927
HRF,02_g.jpg,baseline,1066,1600,126960,299764,0.5246857453529682,0.3556433781482705,0.881758034026465,0.8810267065322049,0.3734537836431326,0.3360421806220674,0.20195354516119654,0.6622497616777884,0.9858953106288088,0.22514259787399532,1039,5475,0.7978825794032723,0.1645662100456621,210,63268,33389,0.3130372278295247,23238,12680,1.8326498422712934
HRF,02_g.jpg,multiscale_line,1066,1600,126960,302505,0.5253187104886312,0.35622524963525776,0.888492438563327,0.8798320072974206,0.3728963157633758,0.3357952221714341,0.2017751821440962,0.6653002859866539,0.9857838134398358,0.22457122630884577,1039,5449,0.7969201154956689,0.16480088089557718,211,63514,33389,0.31633172601755066,23232,12680,1.8321766561514197
HRF,02_g.jpg,connected_recovery,1066,1600,126960,321713,0.5122438836301716,0.3443063537053793,0.9051275992438563,0.8690024324735215,0.3571972534526115,0.32938312433971795,0.19716257457864783,0.6836034318398475,0.9847319642973023,0.21696115212392594,1039,5377,0.7844080846968239,0.16087037381439465,224,64527,33389,0.3097726796250262,23121,12680,1.823422712933754
HRF,02_h.jpg,baseline,1066,1600,168383,314569,0.6138001292053868,0.44279338220796216,0.8802432549604177,0.8917843089166981,0.4711780245351576,0.446208198228718,0.2871737369962001,0.7213268659051791,0.9943138248443835,0.3230100896860987,260,5572,0.8692307692307693,0.07394113424264179,34,65281,30910,0.46179230022646395,24440,11347,2.1538732704679653
HRF,02_h.jpg,multiscale_line,1066,1600,168383,316236,0.6152709654388293,0.4443258934292603,0.885398169648955,0.8912645384483778,0.4714390518473545,0.4469737159392332,0.2878082106701447,0.7250821467688937,0.9942855764064338,0.32306190741773566,260,5556,0.8653846153846154,0.07397408207343413,35,65329,30910,0.4643481074086056,24343,11347,2.145324755441967
HRF,02_h.jpg,connected_recovery,1066,1600,168383,330482,0.6135728102793341,0.4425568214678156,0.9089100443631483,0.8845725749845338,0.4630963259723676,0.44424654323880947,0.28555073511689566,0.7415115005476451,0.993994264390078,0.31711723768736616,260,5523,0.8538461538461538,0.07242440702516748,38,66374,30910,0.4548689744419282,24375,11347,2.1481448841103377
HRF,03_dr.jpg,baseline,1066,1600,103048,374889,0.36764678189803257,0.22522501736818765,0.852573557953575,0.8208900553616981,0.2343520348689879,0.29409014064242295,0.17239488887951757,0.6594612034199064,0.989694015714949,0.18924173687621518,537,6750,0.8324022346368715,0.06948148148148148,90,79560,24710,0.28441926345609064,28354,9515,2.9799264319495533
HRF,03_dr.jpg,multiscale_line,1066,1600,103048,380797,0.36786987568332835,0.2253924918133261,0.8636363636363636,0.8179148008925763,0.23370982439462495,0.29287364492624846,0.17155944201540704,0.6646233263429585,0.9895163060395986,0.187819110138585,537,6765,0.8268156424581006,0.06829268292682927,93,80264,24710,0.29053014973694863,28402,9515,2.984971098265896
HRF,03_dr.jpg,connected_recovery,1066,1600,103048,398059,0.3610127178426963,0.22026572248169993,0.8777754056362084,0.8080524064117732,0.22723515860714116,0.28352698079333355,0.16517998105462584,0.6751088885304082,0.9887389733205995,0.1794443015178801,537,6651,0.7914338919925512,0.06660652533453616,112,81871,24710,0.29101578308377174,28284,9515,2.972569626904887
HRF,03_g.jpg,baseline,1066,1600,98617,241663,0.4985482543787469,0.3320441405011411,0.8601255361651642,0.9024009588153702,0.3509970496104079,0.3209636853020342,0.19115946599390307,0.5994725564529422,0.9923749641813369,0.21914919257652446,594,5517,0.7626262626262627,0.0938916077578394,141,54280,25422,0.28314058689324206,20239,9665,2.0940506983962752
HRF,03_g.jpg,multiscale_line,1066,1600,98617,250854,0.49808997026935,0.3316376882832832,0.8825456057272073,0.8980574156665005,0.3469508160125013,0.32178302532511976,0.19174101452969666,0.619910993901434,0.9920283983894399,0.21728580507250564,594,5487,0.7592592592592593,0.09331146345908511,143,54855,25422,0.28396664306506175,20247,9665,2.0948784273150545
HRF,03_g.jpg,connected_recovery,1066,1600,98617,283632,0.4694269965389053,0.3067001675041876,0.909772148818155,0.8793310196809798,0.31632185366954363,0.3095088161209068,0.18308809834233564,0.6480962584473381,0.9909333917023088,0.20329869189804042,594,5422,0.7710437710437711,0.08981925488749538,136,57084,25422,0.279954370230509,20313,9665,2.101707190894982
HRF,03_h.jpg,baseline,1066,1600,180045,293222,0.6191895906539014,0.4484247703108837,0.8138021050292983,0.9038376197515002,0.4996930653225201,0.5077059630436537,0.34021844922677624,0.6295147573786893,0.9949876297840594,0.4253938205665607,299,5553,0.9163879598662207,0.10606879164415631,25,64074,30938,0.3946279656086366,23911,11481,2.082658305025695
HRF,03_h.jpg,multiscale_line,1066,1600,180045,297803,0.6265130334332256,0.45614778202030115,0.8313977061290233,0.9029113994579022,0.5026443655705282,0.5076545987865151,0.3401723209477652,0.632016008004002,0.9949428080242745,0.4241874832124631,299,5499,0.8996655518394648,0.10583742498636116,30,63563,30938,0.4125670696231172,23760,11481,2.069506140580089
HRF,03_h.jpg,connected_recovery,1066,1600,180045,314481,0.6263290504442638,0.4559527524745479,0.8601627370935044,0.8953738147756063,0.4924558240402441,0.5016573723823265,0.33480818281193064,0.6435217608804402,0.994564771866089,0.4110429447852761,299,5479,0.8929765886287625,0.10695382369045446,32,65069,30938,0.41418320511991724,23745,11481,2.0681996341782076
HRF,04_dr.jpg,baseline,1066,1600,96319,348302,0.36619502902471995,0.22413631708203474,0.8452018812487672,0.8341538861143579,0.23373107246010646,0.26946150045874795,0.15570962479608483,0.6411418975650713,0.9890771308126108,0.17057588348300048,859,6821,0.8346915017462165,0.0928016419879783,142,75033,23754,0.27157531363138837,27162,9389,2.892959846629034
HRF,04_dr.jpg,multiscale_line,1066,1600,96319,356478,0.3671888285478923,0.22488137940735692,0.8630799738369377,0.8301433994436025,0.23320092684541543,0.2652582159624413,0.15290933694181327,0.6451721242653232,0.9887205857693813,0.16694911571720333,859,6801,0.8323632130384168,0.09263343625937362,144,76095,23754,0.2877831102130168,27241,9389,2.901373948237299
HRF,04_dr.jpg,connected_recovery,1066,1600,96319,374860,0.35831817631940305,0.21826286382099633,0.8764210591887375,0.819519400278758,0.22519340553806755,0.25813729718968775,0.14819612175701932,0.653232577665827,0.9880598595589078,0.1608501488587496,859,6651,0.8242142025611175,0.0917155314990227,151,78031,23754,0.2905194914540709,27195,9389,2.8964745979337523
HRF,04_g.jpg,baseline,1066,1600,110018,279220,0.4958303146147087,0.32963722074195534,0.8771110181970223,0.8854825386598746,0.34559845283289164,0.33906958320496455,0.20414436377126505,0.6058508965083359,0.992637305339675,0.23540915480046445,458,5972,0.7816593886462883,0.08824514400535834,100,60326,28248,0.3086236193712829,23022,10952,2.102081811541271
HRF,04_g.jpg,multiscale_line,1066,1600,110018,284720,0.4953260137103598,0.3291915845051452,0.888600047264993,0.8828277080087391,0.3433618994099466,0.34074844976367025,0.20536274304829605,0.6179616231519346,0.9924825304459283,0.2352272046937676,458,5963,0.7816593886462883,0.08821063223209794,100,60802,28248,0.3088360237892948,23001,10952,2.100164353542732
HRF,04_g.jpg,connected_recovery,1066,1600,110018,313397,0.4740550051368043,0.31066323277223,0.9122234543438347,0.8664838284713665,0.32023599460109703,0.33128088795268573,0.1985240569014905,0.6431267694243473,0.9916203813229664,0.2231012658227848,458,5940,0.7685589519650655,0.08552188552188553,106,62674,28248,0.30058765222316625,22924,10952,2.0931336742147555
HRF,04_h.jpg,baseline,1066,1600,160707,297365,0.6023332576538186,0.43095627834909844,0.8584318044640246,0.8968155076112068,0.46392816908513107,0.4363301328678111,0.2790423618433294,0.6805324459234608,0.994401376347934,0.32110484619227747,267,5703,0.8726591760299626,0.08469226722777486,34,64194,29814,0.4109478768363856,24538,11791,2.0810787889067934
HRF,04_h.jpg,multiscale_line,1066,1600,160707,301238,0.6067518860470402,0.43549449661593154,0.8720404213879918,0.8957241698939667,0.46522351097803066,0.4349460292983809,0.2779112014286594,0.6826501285735894,0.9943331004497381,0.31914291775687714,267,5672,0.8726591760299626,0.08550775740479549,34,63864,29814,0.421815254578386,24343,11791,2.064540751420575
HRF,04_h.jpg,connected_recovery,1066,1600,160707,317599,0.6028400229142014,0.4314753018989331,0.8971046687449831,0.8877410927488182,0.4539403461597801,0.4278978572428925,0.2721819693550303,0.6932385418242324,0.9939805378375022,0.30945307224848073,267,5638,0.8913857677902621,0.08495920539198297,29,65187,29814,0.41289327161736095,24432,11791,2.0720888813501825
HRF,05_dr.jpg,baseline,1066,1600,105986,295935,0.47162502083742824,0.3085793913584226,0.8942501839865643,0.8742465369770457,0.3202662746886985,0.3312472808808273,0.1984999197818065,0.6913942442022911,0.9895351151231541,0.21779694582581524,710,6288,0.8056338028169014,0.11148218829516539,138,64846,28544,0.32062780269058294,24701,10836,2.27953119232189
HRF,05_dr.jpg,multiscale_line,1066,1600,105986,300057,0.474319222348372,0.3108902132715192,0.9085822655822468,0.8726192693987425,0.32092902348553776,0.3309524600511611,0.19828821656050954,0.6958647666946074,0.9894244254440245,0.21710325589504423,710,6239,0.8014084507042254,0.11187690334989582,141,64607,28544,0.3237808295964126,24547,10836,2.2653193060169805
HRF,05_dr.jpg,connected_recovery,1066,1600,105986,318680,0.46258000405024186,0.3008806996584417,0.9267356065895496,0.8621798758950597,0.30821199949792893,0.32833644978290494,0.19641299814203922,0.7236658284436993,0.9886866905081245,0.21233859397417504,710,6193,0.7746478873239436,0.10624899079606007,160,66053,28544,0.31985706278026904,24450,10836,2.2563676633444074
HRF,05_g.jpg,baseline,1066,1600,111394,246884,0.5559705033521456,0.3850132595232757,0.8940876528358799,0.9076104342851551,0.403412128773027,0.3832698373683995,0.23706481528404197,0.6632638593506309,0.9925347959167453,0.2695010945961516,568,5030,0.7376760563380281,0.10337972166998012,149,51925,27594,0.33152134521997534,19561,10437,1.874197566350484
HRF,05_g.jpg,multiscale_line,1066,1600,111394,252308,0.5539370143689064,0.3830656201515013,0.9043036429251127,0.9049219486063909,0.3992501228657038,0.3805316842020721,0.23497321959928585,0.6717708776407203,0.9922810496265337,0.26544904476441256,568,5011,0.7429577464788732,0.10417082418678907,146,52427,27594,0.33735594694498805,19551,10437,1.8732394366197183
HRF,05_g.jpg,connected_recovery,1066,1600,111394,277131,0.5297985972588637,0.36035783687260375,0.9239276801263981,0.8907224035036877,0.37137671353980606,0.36616789811755096,0.22411598945550404,0.6991351198071742,0.9911989482775573,0.24803822937625755,568,4962,0.7676056338028169,0.10298266827891979,132,54429,27594,0.33271725737479163,19623,10437,1.8801379706812302
HRF,05_h.jpg,baseline,1066,1600,153834,286410,0.6030655727278509,0.43170642870151155,0.8629301714835472,0.9009760492239165,0.4634894033029573,0.401581782232222,0.25123699027469715,0.5885291766586731,0.9960496202507827,0.30477077512159784,195,5605,0.8717948717948718,0.06494201605709188,25,61180,28805,0.42155875716021524,22474,10961,2.050360368579509
HRF,05_h.jpg,multiscale_line,1066,1600,153834,289481,0.604234009677092,0.43290495245360106,0.8706332800291223,0.8997606597902004,0.46266594353342705,0.4007597340930674,0.2505938242280285,0.5903277378097522,0.9960108103276734,0.3033477100020538,195,5591,0.8666666666666667,0.06474691468431408,26,61388,28805,0.4202048255511196,22405,10961,2.0440653225070706
HRF,05_h.jpg,connected_recovery,1066,1600,153834,312038,0.5925876635642409,0.42104765477966183,0.8972983865725392,0.8878677584120286,0.44236599388536013,0.40121060596091845,0.25094650205761315,0.6093125499600319,0.9957979437797102,0.299068170671898,195,5538,0.8615384615384616,0.06356085229324666,27,62553,28805,0.4082277382398889,22450,10961,2.0481707873369217
HRF,06_dr.jpg,baseline,1066,1600,128703,332516,0.441369501256453,0.2831777651035653,0.7908440362695508,0.8536797267037733,0.30610256348566683,0.3503602363798268,0.2123859063696143,0.6354115689537047,0.987996812519649,0.24185977199910588,753,6996,0.848605577689243,0.12449971412235564,114,73748,37506,0.26449101477097,27925,14279,1.9556691645073185
HRF,06_dr.jpg,multiscale_line,1066,1600,128703,340014,0.4425612896481246,0.2841596826292675,0.8058708810206444,0.8501512781113795,0.3050403806902069,0.3501556306366224,0.21223555211558306,0.6441225408632671,0.9877366943044728,0.24042817477714454,753,6967,0.8366533864541833,0.12343906990096168,123,74684,37506,0.2696901829040687,27986,14279,1.959941172351005
HRF,06_dr.jpg,connected_recovery,1066,1600,128703,356437,0.4361215319289277,0.27887175431659417,0.8219699618501511,0.8410504934691359,0.29679859273868875,0.34577542579700465,0.20902568562288412,0.6587060781051189,0.9870353778467756,0.234413096482062,753,6805,0.8220451527224436,0.11961792799412196,134,76876,37506,0.2743827654241988,28039,14279,1.9636529168709294
HRF,06_g.jpg,baseline,1066,1600,116457,269251,0.5375050556379437,0.3675260948491037,0.8901139476373253,0.8957985530565846,0.3849939275991547,0.3277553845527462,0.195997273081418,0.6050811785929044,0.9918278840788535,0.2247473337428109,564,5385,0.774822695035461,0.10789229340761375,127,55934,28719,0.32595146070545633,21238,11304,1.8788039631988676
HRF,06_g.jpg,multiscale_line,1066,1600,116457,273771,0.5361737240792562,0.3662823470920441,0.8983143993061817,0.8935552055416033,0.38212593737101447,0.3271837651399695,0.19558858786861663,0.6131990378833434,0.9916401208277122,0.2231156328629253,564,5349,0.7659574468085106,0.1076836791923724,132,56332,28719,0.3251157770117344,21268,11304,1.8814578910120312
HRF,06_g.jpg,connected_recovery,1066,1600,116457,298671,0.5130224894490374,0.34501025456595485,0.9143718282284449,0.8790631176678247,0.35652942535431964,0.31666478534070813,0.18811748401806072,0.6325917017438364,0.9907489811342077,0.21119196988707653,564,5320,0.776595744680851,0.10526315789473684,126,58204,28719,0.320623977157979,21272,11304,1.8818117480537864
HRF,06_h.jpg,baseline,1066,1600,172688,301919,0.6409007873883024,0.47156291567318515,0.880709719262485,0.9022572724331207,0.5037377574779991,0.3868144413261666,0.23978298048003774,0.6273723190865608,0.9938344518541667,0.2796039059276578,297,5389,0.8720538720538721,0.11356466876971609,38,63202,35349,0.44892359048346486,24183,13559,1.7835386090419647
HRF,06_h.jpg,multiscale_line,1066,1600,172688,303122,0.6418234169101111,0.4725625702145043,0.8842131474103586,0.9018671652384481,0.5037344699493933,0.3861597607859889,0.23928004235044997,0.6276809134392841,0.9938085560811221,0.2788593364409103,297,5387,0.8720538720538721,0.1136068312604418,38,63113,35349,0.45113015926900335,24118,13559,1.7787447451876983
HRF,06_h.jpg,connected_recovery,1066,1600,172688,316507,0.6358078067028485,0.46606908456655816,0.9005663392939869,0.8949776634275157,0.4913540616795205,0.3848421052631579,0.23826903023983315,0.6346242863755593,0.993654947063743,0.2761514703907614,297,5366,0.8619528619528619,0.1123742079761461,41,63874,35349,0.4435769045800447,24012,13559,1.7709270595176636
HRF,07_dr.jpg,baseline,1066,1600,132720,283806,0.5534156331177406,0.38256713247253293,0.868414707655214,0.8928398860688673,0.4061083979901764,0.3348092643051771,0.20106361219063204,0.5963901107234946,0.992370249210274,0.23273157738976027,459,4776,0.7407407407407407,0.1053182579564489,119,56385,31660,0.31190777005685405,21711,11931,1.8197133517726929
HRF,07_dr.jpg,multiscale_line,1066,1600,132720,287029,0.5533306809545705,0.382485944555512,0.875,0.8913464472814201,0.40459326409526564,0.33391069240843224,0.20041584258836656,0.5994236311239193,0.9922743108180249,0.23140883007377913,459,4790,0.738562091503268,0.10501043841336116,120,56845,31660,0.3118445988629185,21678,11931,1.8169474478249936
HRF,07_dr.jpg,connected_recovery,1066,1600,132720,302244,0.5450382100587635,0.37460654556486783,0.893128390596745,0.8832027872437821,0.39218644538849406,0.327324401136825,0.19568911112189913,0.6114060367055969,0.9917563612156983,0.22348505849087985,459,4732,0.7363834422657952,0.10249366018596788,121,57768,31660,0.31320277953253317,21559,11931,1.806973430559048
HRF,07_g.jpg,baseline,1066,1600,110959,298768,0.48228210491375967,0.31776795047037065,0.8904370082643138,0.8746012425367214,0.33069806672736035,0.3378962962962963,0.20329435253850542,0.6481755143799023,0.9886545462260498,0.22850959804432333,761,5944,0.8475689881734559,0.14283310901749663,116,65272,30650,0.3591517128874388,24313,12397,1.961200290392837
HRF,07_g.jpg,multiscale_line,1066,1600,110959,304458,0.48086621394887546,0.3165397401889477,0.9001523085103507,0.871709055517825,0.3280583857215117,0.3374090247452693,0.20294169147259675,0.6587473002159827,0.9883557490174169,0.2267835479200094,761,5917,0.8436268068331143,0.14365387865472368,119,65632,30650,0.3568678629690049,24298,12397,1.9599903202387674
HRF,07_g.jpg,connected_recovery,1066,1600,110959,328085,0.46240012390557667,0.30072851272601225,0.9148153822583116,0.8579128468413894,0.30939238307146016,0.3298860454154767,0.1975230759014543,0.6762532681595999,0.9874346049600337,0.21815181518151816,761,5848,0.8226018396846255,0.14124487004103967,135,67266,30650,0.35184339314845026,24231,12397,1.9545857868839236
HRF,07_h.jpg,baseline,1066,1600,151778,277962,0.6191185367896868,0.4483502409760372,0.8764774868558025,0.906725480782226,0.47859059871493226,0.45097081450726584,0.29113125739061885,0.6928705440900563,0.9956742164479759,0.33426864590876176,210,5519,0.9047619047619048,0.07736908860300779,20,58718,29020,0.44848380427291523,22255,10698,2.080295382314451
HRF,07_h.jpg,multiscale_line,1066,1600,151778,281387,0.6226772707859591,0.4520924962454409,0.8885411587977177,0.9056996232515694,0.4792723189059907,0.4495935945650855,0.2899843505477308,0.6953095684803002,0.9956183429690578,0.33219792040157764,210,5491,0.9047619047619048,0.07776361318521216,20,58696,29020,0.456237077877326,22135,10698,2.069078332398579
HRF,07_h.jpg,connected_recovery,1066,1600,151778,301292,0.613763877546516,0.4427556515121119,0.9160682048781773,0.8955781292837919,0.4614759104124902,0.4442746296731719,0.2855739439280586,0.7090056285178237,0.9953519146959012,0.32348912857387435,210,5434,0.8952380952380953,0.07692307692307693,22,60251,29020,0.4525844245348036,22103,10698,2.0660871190876797
HRF,08_dr.jpg,baseline,1066,1600,128534,344299,0.47049169579957406,0.3076097687782943,0.8653897023355688,0.8522148090187729,0.32306803098469644,0.29696262561631975,0.17437234794908063,0.6060838838531264,0.9905155168263501,0.19666001994017945,520,5559,0.7692307692307693,0.09174311926605505,120,67923,31645,0.294833306999526,24894,11540,2.1571923743500867
HRF,08_dr.jpg,multiscale_line,1066,1600,128534,346892,0.4717621669828743,0.3086968250560171,0.8724851012183547,0.851148905626017,0.32328217427902634,0.2973500487951355,0.17463956615669504,0.6085420187432785,0.9904819694766201,0.19674166790840908,520,5556,0.7673076923076924,0.09107271418286537,121,68038,31645,0.296950545109812,24855,11540,2.1538128249566726
HRF,08_dr.jpg,connected_recovery,1066,1600,128534,362511,0.46402671852885174,0.3021059833048717,0.8863724773211757,0.8423769201796247,0.31427735985942495,0.28978880905726107,0.1694462126034373,0.6134582885235828,0.9899616912808084,0.18970022328851727,520,5512,0.7576923076923077,0.0899854862119013,126,69329,31645,0.29619213145836626,24858,11540,2.1540727902946273
HRF,08_g.jpg,baseline,1066,1600,115887,305890,0.49768479551990746,0.3312785452984493,0.9056753561659202,0.8736036001466931,0.3431168066952172,0.32773132742372973,0.195980067556269,0.6765181251443084,0.9874839269319209,0.21624414185025279,774,5389,0.8049095607235142,0.1480794210428651,151,63177,32881,0.37027462668410327,23715,12868,1.8429437364003731
HRF,08_g.jpg,multiscale_line,1066,1600,115887,308530,0.49687924847496684,0.33056509130809625,0.9098690966199833,0.8722486385907393,0.3417560691018702,0.3278077543527841,0.1960347293835867,0.680327868852459,0.9873896394564798,0.21592408031657628,774,5371,0.8023255813953488,0.14745857382237945,153,63333,32881,0.369575134576199,23665,12868,1.8390581286913272
HRF,08_g.jpg,connected_recovery,1066,1600,115887,325447,0.4836790276751848,0.31898195468048607,0.9210006299239777,0.8624185623442722,0.3279550894615713,0.3228665825028875,0.19251097088311606,0.6938351419995382,0.9867072338529752,0.2103826093044422,774,5306,0.7609819121447028,0.14134941575574822,185,64615,32881,0.3658343724339284,23729,12868,1.8440317065589058
HRF,08_h.jpg,baseline,1066,1600,171233,312083,0.6152496503322877,0.44430366129167215,0.8682905748307861,0.8935046178652174,0.4764117238042444,0.41209794466033056,0.2595235287180092,0.6827489916227117,0.9938133918408808,0.29511164755582375,292,6046,0.9041095890410958,0.0970889844525306,28,66181,32450,0.4616024653312789,25500,12883,1.9793526352557633
HRF,08_h.jpg,multiscale_line,1066,1600,171233,314185,0.617129978698771,0.4462675227553741,0.8747320901928951,0.8928535350408344,0.4767350446393049,0.4134436593529193,0.2605918546733079,0.6898852001241079,0.9937504193263236,0.29516792778441525,292,6026,0.9041095890410958,0.09757716561566546,28,66143,32450,0.46674884437596303,25392,12883,1.9709694946829155
HRF,08_h.jpg,connected_recovery,1066,1600,171233,328871,0.6140762721353958,0.44308085631923544,0.8967371943492201,0.8857378971263068,0.46690343630177183,0.4105936073059361,0.2583314180648127,0.6974868135277692,0.99355090827553,0.29092791510288596,292,5985,0.9006849315068494,0.0962406015037594,29,67168,32450,0.4589522342064715,25283,12883,1.9625087324380968
HRF,09_dr.jpg,baseline,1066,1600,115503,255960,0.4859595706705648,0.3209686883234651,0.7814342484610789,0.8957912630487322,0.35262541022034694,0.35384035739275527,0.21494899293748365,0.542319749216301,0.9945685271123522,0.2625818820897907,378,6032,0.8518518518518519,0.07559681697612732,56,57735,27536,0.24822051133062173,21919,10479,2.091707223971753
HRF,09_dr.jpg,multiscale_line,1066,1600,115503,267569,0.48778819647481414,0.32256605545447326,0.8088880808290694,0.890484668545378,0.34917722157649056,0.3537671591742639,0.2148949713558243,0.557003794753341,0.9943225780638161,0.2591938579654511,378,6016,0.8544973544973545,0.07662898936170212,55,58979,27536,0.25817112144102267,21929,10479,2.092661513503197
HRF,09_dr.jpg,connected_recovery,1066,1600,115503,296876,0.469582592712044,0.3068330185450443,0.8382725989801131,0.8741881784570376,0.3261395330036783,0.34407763202808794,0.20778608869780316,0.5820821646592972,0.9935759049954135,0.24421985324657344,378,5933,0.8518518518518519,0.07567840889937637,56,60878,27536,0.2586432306798373,21873,10479,2.087317492127111
HRF,09_g.jpg,baseline,1066,1600,112948,282103,0.5110530032831204,0.3432311589398344,0.8937387116195064,0.8862544987856732,0.35783384083118575,0.32380777920254017,0.19318057629958835,0.6468650890461088,0.9886573716774223,0.21595536732366835,665,5989,0.8075187969924812,0.1427617298380364,128,61693,32004,0.35926759155105614,23496,12550,1.872191235059761
HRF,09_g.jpg,multiscale_line,1066,1600,112948,286923,0.5101895361254004,0.34245264649204676,0.9031147076530793,0.8838930287344631,0.3555135001376676,0.32455503087540866,0.19371273712737128,0.6539399853622835,0.988525405295858,0.21583863435059183,665,5958,0.7969924812030075,0.1426653239342061,135,61779,32004,0.3606424196975378,23357,12550,1.8611155378486055
HRF,09_g.jpg,connected_recovery,1066,1600,112948,312858,0.4873721835765583,0.32220231459774007,0.918679392286716,0.8687126880197306,0.3316616484155751,0.3142090540617686,0.18638672536403658,0.6713832642107831,0.9874325586985286,0.20509763004918766,665,5891,0.8,0.13800712951960617,133,63383,32004,0.35586176727909014,23358,12550,1.861195219123506
HRF,09_h.jpg,baseline,1066,1600,132714,281989,0.5464874862250816,0.37597714573904734,0.8538285335382854,0.8927614588724166,0.4018419158194114,0.39152321173326704,0.24341241016922957,0.5906619163697732,0.9955254086564052,0.2928053541550474,252,6247,0.8531746031746031,0.07347526812870178,37,62973,29415,0.4299847016828149,24197,11683,2.0711289908413937
HRF,09_h.jpg,multiscale_line,1066,1600,132714,288794,0.5491853060914621,0.37853580364005035,0.8721235137212351,0.8899786761405467,0.400780487129234,0.3936681887366819,0.24507277137659186,0.6062253890868179,0.9953777847832135,0.2914713306887847,252,6187,0.8531746031746031,0.07515758849199936,37,63494,29415,0.4296787353391127,24116,11683,2.064195840109561
HRF,09_h.jpg,connected_recovery,1066,1600,132714,314874,0.5342145008355899,0.3644561234506179,0.9008393990083939,0.8758206252709987,0.37968838328982385,0.3880203859588845,0.24071047957371225,0.6352897056066004,0.9948584545838977,0.2793075020610058,252,6087,0.8412698412698413,0.0722851979628717,40,65429,29415,0.4210436851946286,24094,11683,2.062312762133014
HRF,10_dr.jpg,baseline,1066,1600,148982,290988,0.5771802622906107,0.4056594430014153,0.8522573196762024,0.8946324660257045,0.43634445406683436,0.3559507643786412,0.21650857934562506,0.626233045622688,0.9927738724698548,0.24863839422311976,382,5018,0.8795811518324608,0.11677959346353128,46,59751,34673,0.28953364289216393,22349,12961,1.7243268266337475
HRF,10_dr.jpg,multiscale_line,1066,1600,148982,293432,0.5792538210816114,0.4077109829164532,0.860070344068411,0.893810170510684,0.4366769813789907,0.35586567815089404,0.21644562334217507,0.6288532675709001,0.9927244348812791,0.24814499452621336,382,5000,0.8795811518324608,0.1172,46,59767,34673,0.29270614022438207,22290,12961,1.7197747087416095
HRF,10_dr.jpg,connected_recovery,1066,1600,148982,307365,0.5744619773987777,0.4029790635472069,0.8798176960975151,0.8867493501938176,0.4264538903258341,0.357222651886225,0.21745043678401424,0.6407213316892725,0.9925672939747351,0.24764684856427976,382,5002,0.8848167539267016,0.11695321871251499,44,60859,34673,0.2974937271075477,22258,12961,1.7173057634441786
HRF,10_g.jpg,baseline,1066,1600,111871,281943,0.5059241164610705,0.33862009422353956,0.8904899393050925,0.8855997475103986,0.35333382988760137,0.33711251435132034,0.2027271942694399,0.6468401486988847,0.990631423563168,0.22795865883837158,570,5899,0.8070175438596491,0.1200203424309205,110,62157,31480,0.3565120711562897,24233,12597,1.9237119949194252
HRF,10_g.jpg,multiscale_line,1066,1600,111871,287209,0.505282148942568,0.3380451692505767,0.9012523352790267,0.883051008044655,0.35104749502975185,0.3359857904085258,0.20191281328722088,0.6511083574280601,0.9904859871745125,0.22640877100588883,570,5871,0.8,0.1195707715891671,114,62359,31480,0.3596569250317662,24230,12597,1.923473842978487
HRF,10_g.jpg,connected_recovery,1066,1600,111871,311684,0.4865294943986023,0.3214661221331653,0.9210251092776501,0.8690818828044166,0.330578406334621,0.32860408821947285,0.19660457818723096,0.6728624535315985,0.9896404541619243,0.2173835683466038,570,5811,0.7649122807017544,0.11495439683359146,134,63927,31480,0.35972045743329095,24170,12597,1.9187108041597205
HRF,10_h.jpg,baseline,1066,1600,146802,306140,0.561206512092056,0.39005355306971107,0.8657715834934129,0.8851403453173535,0.4151597308420984,0.38278322925958963,0.23669259197970102,0.6371195248700816,0.9932931692630079,0.2735734778450749,321,6483,0.8535825545171339,0.09933672682400123,47,68242,33244,0.4506677896763326,25338,12663,2.0009476427386876
HRF,10_h.jpg,multiscale_line,1066,1600,146802,311077,0.5626246235359124,0.3914249769047503,0.8774199261590442,0.8830701604697979,0.4140678995875619,0.38507067137809187,0.23844428641759202,0.6472160356347438,0.9932036977629182,0.2740647595095882,321,6447,0.8473520249221184,0.09927097874980612,49,68607,33244,0.4516303693899651,25232,12663,1.9925767985469478
HRF,10_h.jpg,connected_recovery,1066,1600,146802,331178,0.5536214904389305,0.3827639077733098,0.901281998882849,0.8724222124996311,0.39951325269190585,0.3833583529916363,0.23713254802080017,0.6635486265775798,0.9928711227790319,0.2695416164053076,321,6391,0.8442367601246106,0.09748083242059145,50,70061,33244,0.4397786066658645,25227,12663,1.992181947405828
HRF,11_dr.jpg,baseline,1066,1600,144494,292052,0.5785323883393731,0.4069965320303737,0.8739324816255346,0.8938099014416702,0.4323819045923329,0.3360877617894287,0.201986471444473,0.6080680500064441,0.9908124494578703,0.23221932371905302,554,5207,0.8321299638989169,0.14461302093335893,93,62236,35537,0.32385963924923317,23769,14127,1.6825228286260352
HRF,11_dr.jpg,multiscale_line,1066,1600,144494,294710,0.5802087412682945,0.4086577781769081,0.8818013204700541,0.8928355922019389,0.43234026670286047,0.33556951691335674,0.20161221530325002,0.6092279932981054,0.990760618927214,0.23155677476241796,554,5188,0.8339350180505415,0.14533538936006168,92,61858,35537,0.3277991952049976,23629,14127,1.67261272740143
HRF,11_dr.jpg,connected_recovery,1066,1600,144494,309569,0.5731187081968802,0.4016582959558199,0.9004941381649065,0.885047523999011,0.42031340347386204,0.3361514107782764,0.20203245232519237,0.6226317824461916,0.9904861527080568,0.23022302706824246,554,5173,0.8249097472924187,0.14266383143243766,97,62577,35537,0.3307538621718209,23583,14127,1.669356551284774
HRF,11_g.jpg,baseline,1066,1600,130619,273775,0.5642368581136219,0.392987423658403,0.8734334208652647,0.8986095705281524,0.41671810793534836,0.33390705679862304,0.20041322314049587,0.6253409372675428,0.9899253858832872,0.2277612209879888,605,5105,0.7966942148760331,0.15396669931439766,123,58384,33952,0.3361804901036758,22881,13411,1.7061367534113787
HRF,11_g.jpg,multiscale_line,1066,1600,130619,277242,0.5645207558457416,0.39326291769432054,0.8813648856598197,0.8970660598445315,0.41524372209116944,0.33260034789458137,0.19947248248169436,0.6281924125960823,0.9897875388652009,0.2261750658393965,605,5096,0.7917355371900826,0.1534536891679749,126,58573,33952,0.33676955702167766,22856,13411,1.7042726120348968
HRF,11_g.jpg,connected_recovery,1066,1600,130619,298148,0.5495059088036159,0.3788405014117481,0.9018978862186972,0.8854951266078765,0.3951225565826368,0.32898454115481063,0.19687701835036664,0.64244978923878,0.989246165319811,0.22110338353884884,605,5074,0.7867768595041322,0.1511627906976744,129,59967,33952,0.3339125824693685,22748,13411,1.6962195212884945
HRF,11_h.jpg,baseline,1066,1600,159650,271550,0.6615445269016698,0.49425964494006674,0.8933855308487316,0.9166072641417898,0.525240287239919,0.5562362624514802,0.38526820419797875,0.7502207644758421,0.9955768867149327,0.4419589774078478,273,5158,0.8351648351648352,0.08084528887165568,45,57202,28675,0.5457715780296426,22347,11104,2.0125180115273773
HRF,11_h.jpg,multiscale_line,1066,1600,159650,274298,0.6628536137970448,0.4957225481342589,0.9008581271531475,0.9156014101361623,0.5243275561615469,0.5578795360320492,0.3868466955229666,0.7553929607669989,0.9955515579266443,0.4422451994091581,273,5148,0.8424908424908425,0.0811965811965812,43,57256,28675,0.5465387968613775,22293,11104,2.0076548991354466
HRF,11_h.jpg,connected_recovery,1066,1600,159650,291562,0.6519862060406195,0.4836643430224911,0.9213404321954275,0.9065493709369643,0.5044964707334975,0.554158215010142,0.3832772166105499,0.7754509902863631,0.9952222836788945,0.4311263851872633,273,5153,0.8168498168498168,0.07723656122647002,50,58596,28675,0.5251612903225806,22266,11104,2.0052233429394812
HRF,12_dr.jpg,baseline,1066,1600,115949,335641,0.44104165282667906,0.28290791323986875,0.8588689855022467,0.8515045126257272,0.2967009393965576,0.33445473220399535,0.2008079508079508,0.6359107890863807,0.9887203133960054,0.22689449022459202,672,6896,0.7931547619047619,0.10426334106728538,139,72326,31970,0.2945573975602127,27290,12855,2.1229093737845197
HRF,12_dr.jpg,multiscale_line,1066,1600,115949,341037,0.4416327852494387,0.2833945562183354,0.8702964234275414,0.8489435731490749,0.29589164812029195,0.3342276734380989,0.20064427059364934,0.6416845918713914,0.9885570617533227,0.22596077180672938,672,6870,0.7946428571428571,0.10349344978165939,138,72613,31970,0.29840475445730374,27262,12855,2.120731232983275
HRF,12_dr.jpg,connected_recovery,1066,1600,115949,363201,0.4285589063967442,0.27271713088148575,0.8854927597478202,0.8361093095276888,0.28268644634789003,0.3225716516114643,0.1923012997373932,0.6549303747311219,0.9874761826461735,0.2139818753467727,672,6801,0.7961309523809523,0.10336715188942802,137,74710,31970,0.29693462621207384,27300,12855,2.1236872812135354
HRF,12_g.jpg,baseline,1066,1600,140973,297955,0.5699385776254875,0.39854132746210735,0.8872691933916423,0.8895110464027529,0.4197982916883422,0.3586594444283521,0.2185161654666102,0.6571489226196794,0.9888508229379093,0.2466337343637957,616,4967,0.814935064935065,0.17737064626535132,114,60793,37612,0.34531532489630967,23077,14380,1.6047983310152991
HRF,12_g.jpg,multiscale_line,1066,1600,140973,299624,0.5701400599640942,0.39873839667805305,0.8909578429912111,0.8887766860727828,0.41919539155741864,0.3583494556899887,0.21828607612748893,0.6586349644411421,0.9887954042586308,0.24613248710829036,616,4947,0.8133116883116883,0.17667273094804933,115,60864,37612,0.3471498457938956,23037,14380,1.6020166898470098
HRF,12_g.jpg,connected_recovery,1066,1600,140973,313807,0.561330753331281,0.39017359593322715,0.905428699112596,0.8810157309058325,0.40675000876334816,0.3565404426331579,0.21694506629929394,0.6686126738138202,0.9884363619641559,0.24308262262185004,616,4940,0.8084415584415584,0.17388663967611337,118,61926,37612,0.3442784217802829,22987,14380,1.5985396383866481
HRF,12_h.jpg,baseline,1066,1600,179112,306155,0.6515547111177971,0.48318957876140817,0.8826265130197865,0.903002185408598,0.5163691594127158,0.5173415342559371,0.3489283244987324,0.7384465309108645,0.9946064537566005,0.39813293011636314,302,5458,0.8311258278145696,0.07621839501648955,51,63006,30506,0.5512686028977906,24194,11888,2.0351615074024227
HRF,12_h.jpg,multiscale_line,1066,1600,179112,307947,0.6529599083478593,0.48473680359951715,0.8877964625485729,0.9024348701070694,0.5163713236368596,0.5170798194054008,0.3486902573529412,0.7401536398000244,0.9945758186495927,0.3973293185834915,302,5428,0.8278145695364238,0.07553426676492263,52,62830,30506,0.5556939618435718,24139,11888,2.030534993270525
HRF,12_h.jpg,connected_recovery,1066,1600,179112,320473,0.6497512935736661,0.48120860289016315,0.9061536915449551,0.896383070158429,0.5064482811344482,0.5134010321291826,0.34535274356103024,0.7521034020241434,0.9943095288732938,0.38971378024894165,302,5427,0.8344370860927153,0.07610097659848904,50,63823,30506,0.547433291811447,24064,11888,2.024226110363392
HRF,13_dr.jpg,baseline,1066,1600,116457,315450,0.4688740863195086,0.3062283004488102,0.8694625484084254,0.8652135144540171,0.32098589316848947,0.3200918079096045,0.1905412506568576,0.6339160839160839,0.9921700355319198,0.21410014170996694,446,6902,0.8408071748878924,0.0867864387134164,71,69757,29125,0.30269527896995707,26316,11684,2.252310852447792
HRF,13_dr.jpg,multiscale_line,1066,1600,116457,321791,0.47202497216188094,0.3089219153206537,0.8881561434692633,0.8625932342149196,0.32142601875130133,0.32029957328224334,0.19068851099128992,0.643006993006993,0.9920182601124785,0.21326684448567784,446,6858,0.827354260089686,0.08675998833479148,77,69741,29125,0.3107639484978541,26110,11684,2.234679904142417
HRF,13_dr.jpg,connected_recovery,1066,1600,116457,344619,0.45805463741335484,0.29706281981675325,0.9067638699262389,0.8495918869478707,0.306422454942995,0.31183998012175423,0.1847218133647336,0.6582167832167832,0.9913746852719015,0.20431974819558257,446,6798,0.8340807174887892,0.08428949691085613,74,71618,29125,0.30969957081545063,26138,11684,2.237076343717905
HRF,13_g.jpg,baseline,1066,1600,116099,294316,0.48527466101385186,0.32037138913821894,0.8577334860765381,0.8774873372209265,0.3383506163443374,0.34588709075993734,0.209107303877367,0.6174943416322727,0.9913614657417839,0.2402237530429378,508,6009,0.8385826771653543,0.11100016641704111,82,65535,32910,0.3043451838347007,24420,12331,1.9803746654772525
HRF,13_g.jpg,multiscale_line,1066,1600,116099,299654,0.4866399039814505,0.32156253178720373,0.871333947751488,0.8751224440877986,0.33759269023607225,0.345238535845146,0.20863341534332364,0.6209559313007589,0.9912584087170931,0.23908140250153784,508,5980,0.8326771653543307,0.11153846153846154,85,65741,32910,0.30814342145244605,24338,12331,1.9737247587381397
HRF,13_g.jpg,connected_recovery,1066,1600,116099,324153,0.47187519874980693,0.30879362625601997,0.8946847087399546,0.8614149975369628,0.3204412731025164,0.34247690510742224,0.206619688234038,0.644121954466782,0.9906341775961095,0.2332465528878604,508,5973,0.8307086614173228,0.10781851665829566,86,67304,32910,0.3053175326648435,24242,12331,1.9659395020679589
HRF,13_h.jpg,baseline,1066,1600,148533,297970,0.590217758895237,0.4186588124650501,0.8871227269361017,0.8932589284854152,0.44221565929455986,0.5064964258418378,0.3391330523780855,0.7571236559139785,0.9946000376878503,0.3805309734513274,280,5866,0.8535714285714285,0.06870098874872145,41,64012,27429,0.5327208429034963,24680,10645,2.3184593705965244
HRF,13_h.jpg,multiscale_line,1066,1600,148533,302615,0.5949621853582416,0.4234492332933678,0.903556785360829,0.8918434466853385,0.44349420881317847,0.5067091802843098,0.3393238434163701,0.7689516129032258,0.9944528195223065,0.3778482266693085,280,5793,0.825,0.06801311928189194,49,63843,27429,0.5511684713259689,24523,10645,2.3037106622827617
HRF,13_h.jpg,connected_recovery,1066,1600,148533,319215,0.5869656310663006,0.41539373986298384,0.9242121279446318,0.8831527480834158,0.4300424478799555,0.5008705992270778,0.3341076487252125,0.7926075268817204,0.9939876101191878,0.36611411187682374,280,5767,0.8107142857142857,0.06519854343679556,53,65240,27429,0.5385540850924204,24579,10645,2.308971348050728
HRF,14_dr.jpg,baseline,1066,1600,130470,351438,0.4593615378868996,0.2981630987304127,0.8483559438951483,0.8471535682769041,0.31494886722551346,0.35662179898055735,0.21700531183834182,0.6174170365673219,0.9897066158531912,0.25071885326810006,609,6372,0.7750410509031199,0.09855618330194602,137,73903,34650,0.28375180375180376,26947,12870,2.093783993783994
HRF,14_dr.jpg,multiscale_line,1066,1600,130470,355545,0.4596113288684506,0.29837361016867653,0.8560511995094657,0.8451835721496004,0.31413463837207667,0.35549097953747427,0.2161684582535709,0.6205876136123442,0.9895633492086139,0.2490879782811572,609,6338,0.7684729064039408,0.10018933417481855,141,74610,34650,0.2855988455988456,26986,12870,2.096814296814297
HRF,14_dr.jpg,connected_recovery,1066,1600,130470,369822,0.4543106825613841,0.29392108584552357,0.8710354870851537,0.8373607257813641,0.3072937791694383,0.35192025798885956,0.21353351359043687,0.6343267808074403,0.989006790721038,0.2435086011035378,609,6270,0.7733990147783252,0.09808612440191387,138,76035,34650,0.28963924963924964,26979,12870,2.096270396270396
HRF,14_g.jpg,baseline,1066,1600,120283,307918,0.4802744505500921,0.316027094973784,0.8548755850785231,0.8706309211343851,0.3339428029540332,0.29957904583723105,0.17617934259386606,0.5999063378083047,0.9909327598849808,0.19963636363636364,436,5933,0.8669724770642202,0.10787122872071464,58,67523,33191,0.29917748787321863,24793,12462,1.9894880436527043
HRF,14_g.jpg,multiscale_line,1066,1600,120283,312635,0.48080236903986434,0.31648441206164624,0.8652428023910278,0.8684420844537717,0.3328929902282214,0.3015168474275348,0.1775212471026678,0.6097408679363097,0.9908209421643438,0.20027688047992617,436,5898,0.8646788990825688,0.10715496778569006,59,67799,33191,0.29893645867855745,24751,12462,1.986117798106243
HRF,14_g.jpg,connected_recovery,1066,1600,120283,332055,0.47017053619196264,0.3073352601156069,0.8840650798533458,0.857620274052445,0.32024212856303924,0.2967684553809665,0.1742384682332463,0.6250390259132064,0.9902459636745422,0.1945767324326951,436,5828,0.8623853211009175,0.10483870967741936,60,69110,33191,0.294146003434666,24668,12462,1.9794575509549028
HRF,14_h.jpg,baseline,1066,1600,148746,293118,0.6082505024170333,0.4370402169883115,0.9034326973498447,0.898040535592933,0.4584570036640534,0.6211577089293323,0.45049220853750055,0.7971410717075457,0.9941806405725905,0.5088252891902673,351,5542,0.7692307692307693,0.07975460122699386,81,61803,27808,0.5646576524741082,23680,10674,2.218474798575979
HRF,14_h.jpg,multiscale_line,1066,1600,148746,297270,0.6090229946907735,0.43783829090358123,0.9130800155970581,0.8962953494675802,0.45688094997813433,0.6185468451242829,0.4477508650519031,0.8086236525542884,0.9939047659555363,0.5008224479922593,351,5495,0.7692307692307693,0.07970882620564149,81,61807,27808,0.5694044879171462,23520,10674,2.203485103991006
HRF,14_h.jpg,connected_recovery,1066,1600,148746,313608,0.5977108449369963,0.42623936923347433,0.9289459884635554,0.8873169866923938,0.4406041937705671,0.6067801459018738,0.435523613963039,0.8283861896578659,0.9931781582917749,0.47871620096600914,351,5436,0.7378917378917379,0.07505518763796909,92,63162,27808,0.551388089758343,23538,10674,2.205171444631816
HRF,15_dr.jpg,baseline,1066,1600,111689,322897,0.4452973634677601,0.28641963614405047,0.8663341958473977,0.8581244498594965,0.29966212135758463,0.33119053741321675,0.19845916795069338,0.6248382923673997,0.9921820201763429,0.2253061224489796,404,6433,0.8415841584158416,0.08238768848126846,64,67389,26721,0.2912316155832491,25552,9790,2.6100102145045967
HRF,15_dr.jpg,multiscale_line,1066,1600,111689,328811,0.4441816118047673,0.28549708319106776,0.8759233227981269,0.8550860117032884,0.2975295838642868,0.330539839196835,0.19799204974008766,0.6282341526520052,0.9920925776855107,0.22426831380245915,404,6403,0.8366336633663366,0.08230516945181945,66,68557,26721,0.29519853298903487,25640,9790,2.6189989785495404
HRF,15_dr.jpg,connected_recovery,1066,1600,111689,343165,0.43705892440211586,0.2796387728404439,0.8899623060462535,0.8470642338248497,0.28965366514650387,0.33132154006243497,0.19855325517585432,0.6435963777490298,0.9918436686485239,0.22308166582590663,404,6340,0.8242574257425742,0.08170347003154574,71,70331,26721,0.29493656674525653,25627,9790,2.617671092951992
HRF,15_g.jpg,baseline,1066,1600,125063,298017,0.5027937978632883,0.3358213432095959,0.850459368478287,0.8787399472457779,0.3568957475580252,0.3388301519142641,0.20397080545659918,0.6078456758156395,0.9909922750542443,0.23487918355095302,528,5889,0.8106060606060606,0.11920529801324503,100,65701,32351,0.2871317733609471,24254,12090,2.0061207609594707
HRF,15_g.jpg,multiscale_line,1066,1600,125063,301492,0.505163460749493,0.3379389301005285,0.8614858111511798,0.877413815684163,0.3573560824167805,0.33884445719614104,0.20398117362580423,0.6116002071465562,0.9909092301204564,0.23433702068554987,528,5861,0.8068181818181818,0.12011602115679917,102,65606,32351,0.29077926493771444,24147,12090,1.99727047146402
HRF,15_g.jpg,connected_recovery,1066,1600,125063,321015,0.49555907262855375,0.3293974948517206,0.8837865715679297,0.8668262748673394,0.34431101350404186,0.3332756052786533,0.19995843724023274,0.6228638011393061,0.9903785671038403,0.22750271906180547,528,5795,0.7973484848484849,0.11613459879206212,107,67031,32351,0.288924608203765,24121,12090,1.9951199338296113
HRF,15_h.jpg,baseline,1066,1600,133700,288774,0.5835530707215119,0.41198371690407276,0.9219745699326851,0.8947095871238628,0.426866684673828,0.6802772380593336,0.5154698075063725,0.826160456434458,0.9949408863529271,0.5781819974366558,353,6098,0.6968838526912181,0.06379140701869465,107,62778,25129,0.5857773886744398,24078,9443,2.5498252673938366
HRF,15_h.jpg,multiscale_line,1066,1600,133700,293189,0.5847749649206234,0.41320281257448555,0.9335602094240838,0.8928863159234048,0.42572197456248356,0.6808047228749928,0.5160757733750434,0.8366556314714376,0.9947859853624477,0.573899598975697,353,6088,0.6798866855524079,0.06225361366622865,113,62395,25129,0.5831509411436985,23896,9443,2.530551731441279
HRF,15_h.jpg,connected_recovery,1066,1600,133700,316329,0.5640169855720409,0.39277413444665554,0.9492296185489902,0.8794980596730072,0.4012025454510968,0.6662846540056756,0.49957035885265355,0.8599704162851307,0.9939446719675914,0.5438065119593782,353,6031,0.6572237960339944,0.05919416348864202,121,63931,25129,0.5556528313900274,23952,9443,2.536482050195912
