image,method,removed_far_components,removed_weak_components,gt_vessel_pixels,pred_vessel_pixels,dice,iou,sensitivity,specificity,precision,fp_pixels,fn_pixels,fp_over_gt_area,fn_over_gt_area,terminal_dice,terminal_iou,terminal_sensitivity,terminal_specificity,terminal_precision,terminal_fp_pixels,terminal_fn_pixels,terminal_fp_over_gt_area,terminal_fn_over_gt_area,gt_endpoint_count,pred_endpoint_count,endpoint_recall,endpoint_precision,missed_endpoint_count,skeleton_distance_f1_radius_5
01_dr.jpg,baseline_raw,0,0,48921,180291,0.37540791930614453,0.2310782649794831,0.8794587191594612,0.8493357875661716,0.23863642666577922,137267,5897,2.8058911305983116,0.12054128084053883,0.8493956910141881,0.7382170259408111,0.7382170259408111,1.0,1.0,0,1433,0.0,0.2617829740591889,986,3514,0.6795131845841785,0.1323278315310188,316,0.5959212207433884
01_dr.jpg,connected_recovery_raw,0,0,48921,196473,0.3608238180232606,0.22012509819910303,0.9049692361153697,0.8329442342541097,0.22533376087299528,152201,4649,3.1111588070562743,0.09503076388463032,0.8624272651704074,0.7581293386919985,0.7581293386919985,1.0,1.0,0,1324,0.0,0.24187066130800147,986,3518,0.6835699797160243,0.13018760659465606,312,0.5895827912912837
01_dr.jpg,soft_structure_refined,0,3596,48921,186257,0.3688270161324614,0.22611152819486152,0.886531346456532,0.843167277480877,0.23285030898167586,142887,5551,2.920770221377323,0.11346865354346804,0.8519295302013423,0.742053343076361,0.742053343076361,1.0,1.0,0,1412,0.0,0.257946656923639,986,3500,0.6815415821501014,0.13257142857142856,314,0.5941561717422112
01_g.jpg,baseline_raw,0,0,64230,144531,0.5364890951854034,0.3665767664733376,0.8718511598941304,0.9011665941033971,0.38745321072987804,88532,8231,1.3783590222637396,0.12814884010586952,0.813301282051282,0.6853477380148548,0.6853477380148548,1.0,1.0,0,3262,0.0,0.3146522619851452,1516,2345,0.7361477572559367,0.320682302771855,400,0.7646608059188822
01_g.jpg,connected_recovery_raw,0,0,64230,160407,0.5173858269118623,0.34896862332983036,0.9047485598629924,0.8858021590363597,0.3622784541821741,102295,6118,1.592635839950179,0.09525144013700763,0.827129765810612,0.705218481720845,0.705218481720845,1.0,1.0,0,3056,0.0,0.294781518279155,1516,2338,0.7341688654353562,0.3186484174508127,403,0.7659682975087977
01_g.jpg,soft_structure_refined,0,4391,64230,147796,0.5308971541226076,0.36137507704951716,0.8762572006850381,0.8978376145662391,0.38080868223767894,91514,7948,1.424785925579947,0.12374279931496186,0.8158766419189035,0.6890132150091637,0.6890132150091637,1.0,1.0,0,3224,0.0,0.3109867849908363,1516,2347,0.7368073878627969,0.3204090328078398,399,0.7629825252455351
01_h.jpg,baseline_raw,0,0,97834,153140,0.6572712711276866,0.4895041395887118,0.8430504732506082,0.9180424651401238,0.5385856079404466,70661,15355,0.7222540221190997,0.15694952674939183,0.7079820431402606,0.5479661016949152,0.5479661016949152,1.0,1.0,0,2667,0.0,0.4520338983050847,370,2598,0.8189189189189189,0.21401077752117012,67,0.7804824803621025
01_h.jpg,connected_recovery_raw,0,0,97834,165669,0.6503834870950236,0.4819024373783842,0.8758611525645481,0.9072336417812811,0.5172301396157398,79980,12145,0.8175072060837746,0.1241388474354519,0.7205898297733926,0.5632203389830508,0.5632203389830508,1.0,1.0,0,2577,0.0,0.43677966101694915,370,2605,0.8135135135135135,0.2126679462571977,69,0.7836730913458666
01_h.jpg,soft_structure_refined,0,3828,97834,154638,0.6569995880731329,0.4892028194768042,0.847731872355214,0.9168362009172247,0.5363300094414051,71701,14897,0.7328842733609993,0.15226812764478606,0.712352684417285,0.5532203389830509,0.5532203389830509,1.0,1.0,0,2636,0.0,0.44677966101694916,370,2591,0.8162162162162162,0.21381705905055962,68,0.7800772577583489
02_dr.jpg,baseline_raw,0,0,61175,164338,0.4767796091577869,0.31300763305444446,0.8787903555373927,0.8769749395043529,0.32713066971729,110578,7415,1.8075684511646914,0.12120964446260728,0.7931065595957774,0.6571471291866029,0.6571471291866029,1.0,1.0,0,2293,0.0,0.3428528708133971,1035,3162,0.8144927536231884,0.20683111954459202,192,0.6936189257878753
02_dr.jpg,connected_recovery_raw,0,0,61175,181035,0.45247512489162295,0.29238633392560814,0.8957417245606866,0.8595521931410453,0.30268732565526,126238,6378,2.063555373927258,0.10425827543931344,0.8081618105675844,0.6780801435406698,0.6780801435406698,1.0,1.0,0,2153,0.0,0.32191985645933013,1035,3144,0.7932367149758454,0.19815521628498728,214,0.6905362638569483
02_dr.jpg,soft_structure_refined,0,3666,61175,172623,0.46269001445692437,0.30097379110789607,0.8841520228851655,0.868122270742358,0.3133302051290964,118535,7087,1.9376379239885575,0.1158479771148345,0.7986348122866894,0.6647727272727273,0.6647727272727273,1.0,1.0,0,2242,0.0,0.3352272727272727,1035,3141,0.8038647342995169,0.20407513530722698,203,0.6904319019642827
02_g.jpg,baseline_raw,0,0,71431,162188,0.5414799309987629,0.3712529861653235,0.8854698940236032,0.8886546796028221,0.3899795299282314,98938,8181,1.3850849071131581,0.1145301059763968,0.8092622509423801,0.679630969609262,0.679630969609262,1.0,1.0,0,3542,0.0,0.32036903039073805,1589,2549,0.7520453115166772,0.3252255786582974,394,0.7501291784043287
02_g.jpg,connected_recovery_raw,0,0,71431,175574,0.5233497297625554,0.35441684487580194,0.9048592347860173,0.8751486941363023,0.3681353731190267,110939,6796,1.5530931948313758,0.09514076521398272,0.8207562263345954,0.6960021707670043,0.6960021707670043,1.0,1.0,0,3361,0.0,0.3039978292329957,1589,2524,0.7507866582756451,0.3256735340729002,396,0.7536299162444001
02_g.jpg,soft_structure_refined,0,3313,71431,166283,0.5357782881950579,0.36591336125907153,0.8915036888745783,0.8845311956640396,0.3829675913953922,102602,7750,1.4363791631084544,0.10849631112542174,0.8126510229286367,0.6844247467438495,0.6844247467438495,1.0,1.0,0,3489,0.0,0.3155752532561505,1589,2539,0.7507866582756451,0.3257187869239858,396,0.7502074781204752
02_h.jpg,baseline_raw,0,0,94825,168636,0.646129787710515,0.47724647595124087,0.8976008436593725,0.9034634611494784,0.504726155743732,83521,9710,0.8807909306617453,0.10239915634062748,0.8380778865861991,0.7212857702861623,0.7212857702861623,1.0,1.0,0,1422,0.0,0.2787142297138377,277,2811,0.8700361010830325,0.16506581287797936,36,0.7417656913105038
02_h.jpg,connected_recovery_raw,0,0,94825,178172,0.6396407286526958,0.47019985243985846,0.9207487476931189,0.8949784725633543,0.4900321038098018,90862,7515,0.9582072238333773,0.0792512523068811,0.8484369709965015,0.7367698941591533,0.7367698941591533,1.0,1.0,0,1343,0.0,0.2632301058408467,277,2786,0.8700361010830325,0.16331658291457288,36,0.7440260260979594
02_h.jpg,soft_structure_refined,0,3267,94825,170850,0.6447953326432672,0.4757918476630634,0.9032744529396256,0.9015262808102407,0.501334503950834,85197,9172,0.8984655945162141,0.09672554706037437,0.8411130039750142,0.7257938063504508,0.7257938063504508,1.0,1.0,0,1399,0.0,0.2742061936495492,277,2808,0.8700361010830325,0.1648860398860399,36,0.7416704241009862
03_dr.jpg,baseline_raw,0,0,57927,211650,0.3698386731805755,0.22687243716065844,0.8605658846479189,0.8206353587791675,0.23553035672100164,161800,8077,2.7931707148652616,0.13943411535208106,0.8065859564164649,0.6758643077422496,0.6758643077422496,1.0,1.0,0,1997,0.0,0.32413569225775035,930,3532,0.7741935483870968,0.15118912797281994,210,0.5688773794825946
03_dr.jpg,connected_recovery_raw,0,0,57927,224923,0.3600353544281421,0.2195384854181398,0.8790028829388713,0.8071054116462858,0.22637969438430042,174005,7009,3.003866935971136,0.12099711706112866,0.8143943038583662,0.6869014770329492,0.6869014770329492,1.0,1.0,0,1929,0.0,0.3130985229670508,930,3489,0.7623655913978494,0.15075952995127545,221,0.566993237635838
03_dr.jpg,soft_structure_refined,0,2563,57927,217374,0.36469900218306506,0.2230164371390493,0.866625235209833,0.8146790780790468,0.2309429830614517,167173,7726,2.8859253888514855,0.13337476479016694,0.8093535607305054,0.6797597792566142,0.6797597792566142,1.0,1.0,0,1973,0.0,0.3202402207433858,930,3517,0.7688172043010753,0.1524026158657947,215,0.5658834313631248
03_g.jpg,baseline_raw,0,0,55457,135519,0.508692191689008,0.34110475976461,0.8758858214472475,0.9038796386683662,0.3584294453176307,86945,6883,1.5677912616982528,0.12411417855275259,0.8099076406381193,0.6805418371666432,0.6805418371666432,1.0,1.0,0,2264,0.0,0.3194581628333569,852,2648,0.7629107981220657,0.18768882175226587,202,0.694908058948874
03_g.jpg,connected_recovery_raw,0,0,55457,162081,0.46486590848495435,0.30281778709387636,0.911751447067097,0.8767134342977614,0.3119613032989678,111518,4894,2.0108913212038155,0.08824855293290297,0.8354284775285514,0.7173698320869197,0.7173698320869197,1.0,1.0,0,2003,0.0,0.28263016791308027,852,2634,0.7394366197183099,0.18109339407744876,222,0.7014159420741526
03_g.jpg,soft_structure_refined,0,3854,55457,145671,0.4881567956724076,0.3228885074028033,0.8852083596299836,0.8932278509700479,0.3369991281723885,96580,6366,1.7415294732856086,0.1147916403700164,0.8191285511955344,0.6936644560462819,0.6936644560462819,1.0,1.0,0,2171,0.0,0.3063355439537181,852,2643,0.7605633802816901,0.1872871736662883,204,0.6931955331872514
03_h.jpg,baseline_raw,0,0,101393,154589,0.6611480494722285,0.49381714625848355,0.8345842415156864,0.9185098653982555,0.5473934109153951,69968,16772,0.6900673616521851,0.1654157584843135,0.74842503149937,0.5979865771812081,0.5979865771812081,1.0,1.0,0,2995,0.0,0.40201342281879193,296,2539,0.875,0.20519889720362347,37,0.7625226658687788
03_h.jpg,connected_recovery_raw,0,0,101393,167045,0.6602939971241032,0.4928648492330964,0.8740642845166826,0.9086648489937771,0.530539674937891,78421,12769,0.7734360360182656,0.1259357154833174,0.7548052816312887,0.6061744966442953,0.6061744966442953,1.0,1.0,0,2934,0.0,0.3938255033557047,296,2451,0.8682432432432432,0.20807833537331702,39,0.7639406925996487
03_h.jpg,soft_structure_refined,0,3541,101393,157149,0.6632578072421502,0.4961748127915186,0.845620506346592,0.9168315655474507,0.5455968539411641,71409,15653,0.7042793881234405,0.15437949365340803,0.748845411033672,0.598523489932886,0.598523489932886,1.0,1.0,0,2991,0.0,0.4014765100671141,296,2517,0.875,0.20659515295987285,37,0.7612124117869431
04_dr.jpg,baseline_raw,0,0,54157,195818,0.37145314531453144,0.22808870634936232,0.857266835312148,0.8350806927911348,0.23709260639982024,149391,7730,2.758479974887826,0.142733164687852,0.7929373996789727,0.6569148936170213,0.6569148936170213,1.0,1.0,0,2064,0.0,0.34308510638297873,1054,3628,0.818785578747628,0.1855016538037486,191,0.5599960893550541
04_dr.jpg,connected_recovery_raw,0,0,54157,211618,0.35925124635499955,0.21895567225445456,0.8815111619919863,0.8190878551802023,0.22559517621374364,163878,6417,3.0259800210499104,0.11848883800801374,0.8030242737763629,0.6708776595744681,0.6708776595744681,1.0,1.0,0,1980,0.0,0.3291223404255319,1054,3539,0.8197343453510436,0.18508053122350945,190,0.556751551459984
04_dr.jpg,soft_structure_refined,0,2856,54157,202015,0.3669565760504661,0.22470717598125925,0.8678841147035471,0.8288743192804934,0.23266589114669703,155013,7155,2.862289270085123,0.1321158852964529,0.7961980990495248,0.6614029255319149,0.6614029255319149,1.0,1.0,0,2037,0.0,0.3385970744680851,1054,3597,0.818785578747628,0.18654434250764526,191,0.5557691000141558
04_g.jpg,baseline_raw,0,0,61875,149277,0.520156096082443,0.3514938938528892,0.8875313131313132,0.8949355601948504,0.3678798475317698,94361,6959,1.5250262626262627,0.11246868686868687,0.8011619906734959,0.6682821068741231,0.6682821068741231,1.0,1.0,0,2601,0.0,0.3317178931258768,943,2681,0.7338282078472959,0.2081312942931742,251,0.7071845967052223
04_g.jpg,connected_recovery_raw,0,0,61875,170079,0.48775188183864043,0.3225342957818754,0.9142303030303031,0.8736133611691023,0.33259838075247383,113511,5307,1.8345212121212122,0.08576969696969697,0.8174345826106628,0.6912383624537687,0.6912383624537687,1.0,1.0,0,2421,0.0,0.30876163754623137,943,2703,0.7232237539766702,0.20569737328893822,261,0.7108976028684466
04_g.jpg,soft_structure_refined,0,4390,61875,157201,0.5055323266811518,0.3382691614590015,0.8949494949494949,0.8866237995824635,0.35225602890566854,101826,6500,1.6456727272727272,0.10505050505050505,0.8072710678430179,0.6768269353398801,0.6768269353398801,1.0,1.0,0,2534,0.0,0.32317306466011986,943,2682,0.735949098621421,0.20954511558538405,249,0.7056058417608451
04_h.jpg,baseline_raw,0,0,90369,162116,0.631308790621225,0.46124997829697834,0.881917471699366,0.9052264696175735,0.4916109452490809,82418,10671,0.912016288771592,0.11808252830063407,0.799384906553111,0.6658128078817734,0.6658128078817734,1.0,1.0,0,1696,0.0,0.3341871921182266,276,2652,0.822463768115942,0.16402714932126697,49,0.7447347194636854
04_h.jpg,connected_recovery_raw,0,0,90369,173948,0.6238191262764029,0.4532973377173208,0.9122929323108588,0.8947772101040556,0.4739519856508842,91505,7926,1.0125706824242826,0.08770706768914119,0.8072855464159812,0.6768472906403941,0.6768472906403941,1.0,1.0,0,1640,0.0,0.32315270935960594,276,2641,0.822463768115942,0.1628171147292692,49,0.7471777120532929
04_h.jpg,soft_structure_refined,0,3493,90369,165378,0.6314599975757291,0.4614114285714286,0.8935254346070002,0.9026817121284775,0.4882572047067929,84631,9622,0.9365047748674877,0.1064745653929998,0.8029248732161811,0.6707389162561577,0.6707389162561577,1.0,1.0,0,1671,0.0,0.3292610837438424,276,2638,0.8115942028985508,0.16413949962092494,52,0.7434505193048733
05_dr.jpg,baseline_raw,0,0,59703,159646,0.49231133946359457,0.3265338211726286,0.9043766644892216,0.8826476151758809,0.3382107913759192,105652,5709,1.7696263169354973,0.09562333551077835,0.8486317977138899,0.737063778580024,0.737063778580024,1.0,1.0,0,2185,0.0,0.2629362214199759,1244,3076,0.7829581993569131,0.23764629388816644,270,0.7035665104342286
05_dr.jpg,connected_recovery_raw,0,0,59703,174299,0.4727139084281331,0.3095123507224641,0.9263856087633787,0.8678313934179499,0.31731679470335455,118991,4395,1.9930489255146309,0.07361439123662128,0.8608636052090473,0.7557160048134778,0.7557160048134778,1.0,1.0,0,2030,0.0,0.24428399518652227,1244,3052,0.7757234726688103,0.23525557011795545,279,0.7080755681610608
05_dr.jpg,soft_structure_refined,0,4096,59703,162242,0.4908963932505801,0.3252900536815769,0.9124499606384939,0.8802995011646156,0.3357700225588935,107766,5227,1.8050349228681977,0.08755003936150613,0.8507018878362492,0.7401925391095067,0.7401925391095067,1.0,1.0,0,2159,0.0,0.2598074608904934,1244,3053,0.7781350482315113,0.23845397969210613,276,0.7033901704700759
05_g.jpg,baseline_raw,0,0,62788,133585,0.5762910379736522,0.4047814921059597,0.9011913104414856,0.9141774742201397,0.42358049182168656,77001,6204,1.2263649104924508,0.09880868955851436,0.8265865565152084,0.7044290834613415,0.7044290834613415,1.0,1.0,0,2309,0.0,0.29557091653865847,855,2292,0.7298245614035088,0.225130890052356,231,0.7482236263651171
05_g.jpg,connected_recovery_raw,0,0,62788,152595,0.5392533301142616,0.3691627995677325,0.9249060329999363,0.8946492021952448,0.38056948130672696,94522,4715,1.5054150474612984,0.07509396700006371,0.8444641668515642,0.7307987711213517,0.7307987711213517,1.0,1.0,0,2103,0.0,0.2692012288786482,855,2292,0.7111111111111111,0.22076788830715532,247,0.7528760598394948
05_g.jpg,soft_structure_refined,0,3899,62788,135957,0.5698055296988603,0.3984112241595249,0.9018124482385169,0.9115771969166707,0.4164772685481439,79334,6165,1.2635216920430656,0.09818755176148308,0.8265865565152084,0.7044290834613415,0.7044290834613415,1.0,1.0,0,2309,0.0,0.29557091653865847,855,2296,0.7321637426900585,0.22560975609756098,229,0.7474436586927854
05_h.jpg,baseline_raw,0,0,86639,153752,0.6310219600567409,0.46094381476191926,0.8754256166391579,0.9107974823698333,0.49330090015089234,77906,10793,0.8992024377012662,0.12457438336084212,0.7458607940845523,0.5947193027428864,0.5947193027428864,1.0,1.0,0,1581,0.0,0.4052806972571136,197,2607,0.8477157360406091,0.1308016877637131,30,0.7186695711429404
05_h.jpg,connected_recovery_raw,0,0,86639,169821,0.6108944864696249,0.4397754385964912,0.904154018398181,0.8952483566360302,0.4612798181614759,91486,8304,1.0559447823728345,0.09584598160181904,0.7528772378516624,0.6036913611894386,0.6036913611894386,1.0,1.0,0,1546,0.0,0.3963086388105614,197,2617,0.8274111675126904,0.12609858616736722,34,0.7233963174165826
05_h.jpg,soft_structure_refined,0,3912,86639,157602,0.624628952550964,0.45415304743363044,0.8804349080668059,0.906886155896588,0.48400401010139465,81322,10359,0.938630408938238,0.11956509193319406,0.7460623593699774,0.5949756472699308,0.5949756472699308,1.0,1.0,0,1580,0.0,0.4050243527300692,197,2603,0.8477157360406091,0.13100268920476374,30,0.7185703915823998
06_dr.jpg,baseline_raw,0,0,72476,178108,0.45658142578935607,0.2958247577283869,0.7893095645455047,0.863776078168027,0.3211871448783884,120902,15270,1.6681660135769083,0.21069043545449528,0.777849951282884,0.6364602710603242,0.6364602710603242,1.0,1.0,0,4104,0.0,0.3635397289396758,1274,3726,0.8202511773940345,0.24745034889962425,229,0.6920661428792942
06_dr.jpg,connected_recovery_raw,0,0,72476,193403,0.4441945396214067,0.2855077649061056,0.8147662674540538,0.8486215584029277,0.3053261841853539,134352,13425,1.853744687896683,0.18523373254594624,0.7887988841800333,0.6512534325449553,0.6512534325449553,1.0,1.0,0,3937,0.0,0.34874656745504473,1274,3689,0.8124018838304553,0.24722146923285443,239,0.6905228716864844
06_dr.jpg,soft_structure_refined,0,3651,72476,180979,0.45552859481959324,0.294941423513363,0.7965119487830454,0.8611293891770814,0.31897623481177373,123251,14748,1.7005767426458414,0.20348805121695457,0.7791716232291555,0.6382319071662681,0.6382319071662681,1.0,1.0,0,4084,0.0,0.36176809283373196,1274,3696,0.8178963893249608,0.2481060606060606,232,0.6897007494135953
06_g.jpg,baseline_raw,0,0,65670,144969,0.5557755211523032,0.38482627132572894,0.8913354652048119,0.9033522301611262,0.40376908166573544,86435,7136,1.316202223237399,0.10866453479518806,0.7710382038116788,0.6273898881178304,0.6273898881178304,1.0,1.0,0,2631,0.0,0.37261011188216964,921,2490,0.7285559174809989,0.20200803212851406,250,0.7317676954881118
06_g.jpg,connected_recovery_raw,0,0,65670,162603,0.5235748424036132,0.354623354736105,0.909989340642607,0.8850044167141883,0.367514744500409,102844,5911,1.566072788183341,0.09001065935739302,0.7863526985218288,0.6479252230562244,0.6479252230562244,1.0,1.0,0,2486,0.0,0.35207477694377565,921,2487,0.7187839305103149,0.20064334539605952,259,0.7361129553752382
06_g.jpg,soft_structure_refined,0,3876,65670,149463,0.547103419744995,0.3765604704286455,0.8961474036850922,0.898680576520971,0.3937429330335936,90613,6820,1.3798233592203442,0.10385259631490787,0.7759382855161654,0.6339045460982864,0.6339045460982864,1.0,1.0,0,2585,0.0,0.36609545390171366,921,2491,0.7307274701411509,0.20152549177037335,248,0.7312158743534699
06_h.jpg,baseline_raw,0,0,97298,159748,0.6710394248500269,0.5049355393964942,0.8863902649591975,0.9147979255872828,0.539875303603175,73504,11054,0.755452321733232,0.11360973504080249,0.7474370922646785,0.5967261904761905,0.5967261904761905,1.0,1.0,0,2168,0.0,0.40327380952380953,310,2369,0.8064516129032258,0.21317011397214014,60,0.7889164687470721
06_h.jpg,connected_recovery_raw,0,0,97298,169365,0.6594015667715432,0.4918710558116636,0.9036054184053115,0.9055919657077415,0.5191096153278423,81446,9379,0.8370778433266871,0.09639458159468849,0.754257907542579,0.60546875,0.60546875,1.0,1.0,0,2121,0.0,0.39453125,310,2351,0.8032258064516129,0.21182475542322415,61,0.7913290944112265
06_h.jpg,soft_structure_refined,0,3731,97298,161496,0.6692504463009189,0.5029123958303087,0.8900388497194187,0.9131832312895994,0.5362299995046317,74897,10699,0.7697691627782688,0.1099611502805813,0.7486033519553073,0.5982142857142857,0.5982142857142857,1.0,1.0,0,2160,0.0,0.4017857142857143,310,2363,0.8064516129032258,0.21328819297503174,60,0.7892901343118388
07_dr.jpg,baseline_raw,0,0,74729,156517,0.5714606955363553,0.40003148233356745,0.8841815091865273,0.8978358039515584,0.42215222627574,90443,8655,1.2102798110505961,0.11581849081347269,0.789495904753863,0.6522042410714286,0.6522042410714286,1.0,1.0,0,2493,0.0,0.34779575892857145,861,2366,0.727061556329849,0.22358410819949281,235,0.77510726199832
07_dr.jpg,connected_recovery_raw,0,0,74729,166303,0.559485877393873,0.3883931914403387,0.902286930107455,0.8883099073617006,0.4054466846659411,98876,7302,1.3231275676109677,0.09771306989254507,0.7944836865119408,0.6590401785714286,0.6590401785714286,1.0,1.0,0,2444,0.0,0.34095982142857145,861,2385,0.7375145180023229,0.2272536687631027,226,0.772003480751279
07_dr.jpg,soft_structure_refined,0,2639,74729,160798,0.5672555588106671,0.39592235886798044,0.8939233764669673,0.8938223436665157,0.41544049055336507,93996,7927,1.2578249407860402,0.1060766235330327,0.7901088699468309,0.6530412946428571,0.6530412946428571,1.0,1.0,0,2487,0.0,0.34695870535714285,861,2356,0.7282229965156795,0.2266553480475382,234,0.7722830075493458
07_g.jpg,baseline_raw,0,0,62492,163062,0.4946664656800589,0.32860921144863253,0.8927062664020995,0.8804746030118952,0.3421214016754363,107275,6705,1.7166197273250976,0.10729373359790054,0.8046413788423695,0.6731380563124433,0.6731380563124433,1.0,1.0,0,2879,0.0,0.3268619436875568,1130,2927,0.7716814159292036,0.26955927570891697,258,0.6974104245144446
07_g.jpg,connected_recovery_raw,0,0,62492,181630,0.46602108781674734,0.3037988880521686,0.9102445112974461,0.8610073670652518,0.3131806419644332,124747,5609,1.9962075145618638,0.08975548870255393,0.8154922001075847,0.6884650317892824,0.6884650317892824,1.0,1.0,0,2744,0.0,0.3115349682107175,1130,2909,0.7663716814159292,0.2677896184255758,264,0.7019118704462316
07_g.jpg,soft_structure_refined,0,4006,62492,167940,0.48673795306207474,0.32164816004404884,0.8973948665429174,0.8753660134505765,0.3339287840895558,111860,6412,1.7899891186071817,0.10260513345708251,0.8076350345201029,0.677338782924614,0.677338782924614,1.0,1.0,0,2842,0.0,0.32266121707538603,1130,2927,0.7699115044247787,0.2692176289716433,260,0.6977112296074857
07_h.jpg,baseline_raw,0,0,85497,148694,0.6544657992834908,0.486398486887202,0.896347240254044,0.9176000539735141,0.5153873054729848,72059,8862,0.8428248944407406,0.103652759745956,0.8001159588346137,0.6668277361681566,0.6668277361681566,1.0,1.0,0,1379,0.0,0.33317226383184345,219,2518,0.8858447488584474,0.15766481334392374,25,0.7557908949514599
07_h.jpg,connected_recovery_raw,0,0,85497,163714,0.6355979471211143,0.46584358751146976,0.9263365966057289,0.9033565350833559,0.4837643695713256,84515,6298,0.9885142168731067,0.07366340339427115,0.8125089657151054,0.684223242329065,0.684223242329065,1.0,1.0,0,1307,0.0,0.315776757670935,219,2501,0.8812785388127854,0.15673730507796882,26,0.7596288693901488
07_h.jpg,soft_structure_refined,0,3873,85497,151957,0.6500627489955949,0.4815503450341291,0.9027217329263015,0.9144920028862108,0.5079068420671637,74777,8317,0.8746154835842194,0.0972782670736985,0.8025459279618111,0.6702101956994443,0.6702101956994443,1.0,1.0,0,1365,0.0,0.3297898043005557,219,2519,0.8858447488584474,0.15799920603414053,25,0.7544695703469619
08_dr.jpg,baseline_raw,0,0,72228,194295,0.47427051323900754,0.3108483629334894,0.8750346126156061,0.8523348337185673,0.32528886487042896,131093,9026,1.8149886470620813,0.12496538738439386,0.7930946509056893,0.657130777903044,0.657130777903044,1.0,1.0,0,2433,0.0,0.34286922209695603,1041,3079,0.8069164265129684,0.20428710620331275,201,0.6910269125708725
08_dr.jpg,connected_recovery_raw,0,0,72228,205300,0.46404687094635494,0.302123067539353,0.8915240626903694,0.8412801935632122,0.3136531904529956,140907,7835,1.9508639308855291,0.10847593730963061,0.798204759082056,0.6641770011273957,0.6641770011273957,1.0,1.0,0,2383,0.0,0.3358229988726043,1041,3059,0.7934678194044188,0.2020268061457993,215,0.6880620473373588
08_dr.jpg,soft_structure_refined,0,2222,72228,200270,0.46861261367055906,0.3060052719865804,0.8839785124882317,0.8463321663670402,0.3188096070305088,136422,8380,1.888768898488121,0.11602148751176829,0.795143900161304,0.6599492671927847,0.6599492671927847,1.0,1.0,0,2413,0.0,0.3400507328072153,1041,3064,0.8049951969260326,0.20430809399477806,203,0.6882685096500378
08_g.jpg,baseline_raw,0,0,65122,169879,0.5028914770575444,0.3359084991842466,0.9073738521544179,0.876196531817745,0.34783581254893187,110789,6032,1.7012530327692639,0.09262614784558214,0.8333227020475856,0.7142700929469655,0.7142700929469655,1.0,1.0,0,2613,0.0,0.28572990705303447,1200,2749,0.785,0.28992360858494,258,0.7358576434860566
08_g.jpg,connected_recovery_raw,0,0,65122,181137,0.4857162580859989,0.3207564372790998,0.9183686004729584,0.8644161550513031,0.3301699818369521,121331,5316,1.8631338103866588,0.08163139952704156,0.8388776028440833,0.7224712957900492,0.7224712957900492,1.0,1.0,0,2538,0.0,0.2775287042099508,1200,2736,0.7783333333333333,0.28362573099415206,266,0.737672132857155
08_g.jpg,soft_structure_refined,0,3842,65122,171477,0.5003909568510433,0.3336809411340282,0.9090015662909616,0.8745292654417697,0.3452124774751133,112281,5926,1.7241638770308036,0.09099843370903841,0.833769049289039,0.7149261891744122,0.7149261891744122,1.0,1.0,0,2607,0.0,0.28507381082558775,1200,2746,0.785,0.29024034959941736,258,0.7357634546547801
08_h.jpg,baseline_raw,0,0,96423,165590,0.6493189269234733,0.48073445305965595,0.8822065274882549,0.906754116888245,0.513708557280029,80525,11358,0.835122325586219,0.11779347251174513,0.7841273612926221,0.6449091264412742,0.6449091264412742,1.0,1.0,0,1817,0.0,0.3550908735587258,301,2862,0.8471760797342193,0.18658280922431866,46,0.7510867146046065
08_h.jpg,connected_recovery_raw,0,0,96423,176064,0.641124163721572,0.47180481586708295,0.9058938220134201,0.8972703071063727,0.4961207288258815,88715,9074,0.9200605664623586,0.09410617798657997,0.7897350993377483,0.652530779753762,0.652530779753762,1.0,1.0,0,1778,0.0,0.34746922024623805,301,2848,0.8538205980066446,0.18890449438202248,44,0.7540470001027376
08_h.jpg,soft_structure_refined,0,3653,96423,167454,0.648173201908465,0.47947947386716605,0.8869149476784585,0.9051213730796444,0.5107014463673606,81935,10904,0.8497453926967632,0.11308505232154153,0.7870096005689226,0.6488176666015243,0.6488176666015243,1.0,1.0,0,1797,0.0,0.35118233339847565,301,2854,0.840531561461794,0.18640504555010512,48,0.7508751060706118
09_dr.jpg,baseline_raw,0,0,64956,144127,0.4985005954573064,0.33200186023992,0.802296939466716,0.8971972327617413,0.3615838808828325,92013,12842,1.4165435063735452,0.19770306053328407,0.7354825988366361,0.5816310619055044,0.5816310619055044,1.0,1.0,0,2683,0.0,0.41836893809449555,636,3140,0.7845911949685535,0.14522292993630573,137,0.6839085088043902
09_dr.jpg,connected_recovery_raw,0,0,64956,170074,0.46792324384121176,0.3054176247764411,0.846542274770614,0.8714186118224355,0.3233180850688524,115086,9968,1.7717531867725844,0.15345772522938605,0.7611320390225056,0.6143770466240449,0.6143770466240449,1.0,1.0,0,2473,0.0,0.3856229533759551,636,3158,0.779874213836478,0.14249525015832806,140,0.6871045185998721
09_dr.jpg,soft_structure_refined,0,3402,64956,158844,0.4766666666666667,0.31291028446389496,0.8211558593509453,0.8821231135005654,0.33579486792072727,105505,11617,1.624253340722951,0.17884414064905474,0.7461139896373057,0.5950413223140496,0.5950413223140496,1.0,1.0,0,2597,0.0,0.4049586776859504,636,3117,0.7735849056603774,0.1450112287455887,144,0.6811709730450566
09_g.jpg,baseline_raw,0,0,63659,155749,0.5226609786334135,0.3537854013697785,0.9007053205359807,0.8902080792912519,0.36814361568934634,98411,6321,1.5459086696303743,0.09929467946401922,0.8185737507951092,0.6928691074419717,0.6928691074419717,1.0,1.0,0,2567,0.0,0.3071308925580282,1046,2943,0.7954110898661568,0.2759089364593952,214,0.7470923808154135
09_g.jpg,connected_recovery_raw,0,0,63659,173845,0.491469617353813,0.325793648578494,0.9168067358896621,0.8711628721658387,0.33571859990221176,115482,5296,1.8140718515842222,0.0831932641103379,0.8274410774410774,0.7056712132089017,0.7056712132089017,1.0,1.0,0,2460,0.0,0.29432878679109836,1046,2947,0.7820267686424475,0.2714625042416016,228,0.7497183045667054
09_g.jpg,soft_structure_refined,0,3966,63659,161023,0.51281366553618,0.34482139436889486,0.9049780863664211,0.8846276138210792,0.3577749762456295,103413,6049,1.6244835765563392,0.09502191363357891,0.8207407407407408,0.6959798994974874,0.6959798994974874,1.0,1.0,0,2541,0.0,0.30402010050251255,1046,2936,0.7906309751434034,0.27452316076294275,219,0.7458418605391812
09_h.jpg,baseline_raw,0,0,74574,147974,0.5794794830778079,0.40793461000714887,0.86465792367313,0.9057030175305446,0.435758984686499,83493,10093,1.1195993241612359,0.13534207632686995,0.7243506959391591,0.5678290213723285,0.5678290213723285,1.0,1.0,0,1921,0.0,0.43217097862767156,266,2877,0.7481203007518797,0.13451511991657977,67,0.7030879029459443
09_h.jpg,connected_recovery_raw,0,0,74574,168829,0.5523350164131091,0.3815351083816259,0.9013865422265133,0.8852428096757945,0.3981543455212079,101609,7354,1.362525813286132,0.09861345777348673,0.7492965672481711,0.5991001124859393,0.5991001124859393,1.0,1.0,0,1782,0.0,0.40089988751406075,266,2861,0.7518796992481203,0.1352673890248165,66,0.7072218677110308
09_h.jpg,soft_structure_refined,0,4425,74574,152708,0.5702167351572056,0.39881340702354723,0.8689355539464156,0.9007167171508403,0.4243392618592346,87908,9774,1.17880226352348,0.13106444605358436,0.7314497716894978,0.5766029246344206,0.5766029246344206,1.0,1.0,0,1882,0.0,0.4233970753655793,266,2873,0.7406015037593985,0.13400626522798467,69,0.7011693610085341
10_dr.jpg,baseline_raw,0,0,83850,158486,0.5979961706061007,0.42652962714418585,0.8641383422778771,0.9018113336757404,0.457188647577704,86028,11392,1.0259749552772808,0.13586165772212283,0.7808803567965872,0.6405280738030857,0.6405280738030857,1.0,1.0,0,2260,0.0,0.35947192619691426,546,2362,0.7802197802197802,0.23116003386960204,120,0.7968460747614008
10_dr.jpg,connected_recovery_raw,0,0,83850,169012,0.5875220475990857,0.41595130501005145,0.8858795468097793,0.8918781030645437,0.4395013371831586,94731,9569,1.129767441860465,0.11412045319022063,0.7916586584662695,0.6551614442500397,0.6551614442500397,1.0,1.0,0,2168,0.0,0.34483855574996025,546,2363,0.7765567765567766,0.22979263647905204,122,0.8000282090275554
10_dr.jpg,soft_structure_refined,0,3067,83850,161146,0.5970056653986188,0.42552250616766746,0.8721765056648778,0.8995445985276493,0.4538244821466248,88014,10718,1.049660107334526,0.12782349433512225,0.7830042586140147,0.6433911245427072,0.6433911245427072,1.0,1.0,0,2242,0.0,0.3566088754572928,546,2345,0.7765567765567766,0.23198294243070364,122,0.7974564594942701
10_g.jpg,baseline_raw,0,0,62963,150787,0.5271953216374269,0.3579533181708448,0.8948747677207248,0.8947167173706324,0.37366616485506043,94443,6619,1.499976176484602,0.10512523227927513,0.8134095238095238,0.6855014768203416,0.6855014768203416,1.0,1.0,0,2449,0.0,0.31449852317965843,1014,2794,0.7534516765285996,0.23478883321403007,250,0.7401147333765856
10_g.jpg,connected_recovery_raw,0,0,62963,169234,0.4968625778972166,0.3305503346474741,0.9161729904864762,0.8756472698450566,0.340859401775057,111549,5278,1.7716595460826199,0.08382700951352381,0.8247811651071536,0.7018107101579556,0.7018107101579556,1.0,1.0,0,2322,0.0,0.29818928984204446,1014,2789,0.7485207100591716,0.23126568662603084,255,0.7449505697081095
10_g.jpg,soft_structure_refined,0,4538,62963,155236,0.5189757973226276,0.35041682396846124,0.8992582945539443,0.8900647353453648,0.36473498415316036,98616,6343,1.5662531963216493,0.10074170544605562,0.8156653992395437,0.688711955823809,0.688711955823809,1.0,1.0,0,2424,0.0,0.3112880441761911,1014,2797,0.752465483234714,0.23453700393278512,251,0.7396371453280907
10_h.jpg,baseline_raw,0,0,82643,164017,0.585891510581367,0.4143186431348264,0.8743390244787822,0.8954142954350396,0.44055189401098666,91759,10385,1.1103057730237285,0.12566097552121777,0.7547213802751224,0.6060662797228983,0.6060662797228983,1.0,1.0,0,2104,0.0,0.39393372027710166,334,3081,0.8353293413173652,0.19441739694904253,55,0.7230540030452903
10_h.jpg,connected_recovery_raw,0,0,82643,179260,0.5683020049407606,0.3969426561341562,0.900499739844875,0.8805047432231121,0.4151511770612518,104840,8223,1.2685889912031267,0.09950026015512506,0.7666551206558134,0.6216064407414342,0.6216064407414342,1.0,1.0,0,2021,0.0,0.3783935592585658,334,3069,0.8203592814371258,0.19028999674160965,60,0.7293749320860197
10_h.jpg,soft_structure_refined,0,4033,82643,166855,0.5832431522497175,0.41167484256445946,0.8804012439045049,0.8927506134902896,0.4360612507866111,94096,9884,1.138584030105393,0.11959875609549508,0.7566057502037016,0.6085002808462835,0.6085002808462835,1.0,1.0,0,2091,0.0,0.3914997191537165,334,3085,0.8383233532934131,0.19416531604538087,54,0.7234774567724586
11_dr.jpg,baseline_raw,0,0,81247,156615,0.6040981745718106,0.43276551657671547,0.8842911122872229,0.9035348954711961,0.4587427768732241,84769,9401,1.0433492928969685,0.11570888771277708,0.7764357515779631,0.634568844733155,0.634568844733155,1.0,1.0,0,2869,0.0,0.365431155266845,861,2327,0.778164924506388,0.29780833691448216,191,0.7973616998438777
11_dr.jpg,connected_recovery_raw,0,0,81247,166765,0.5908665709723723,0.41931201034674176,0.9018302214235603,0.893606053123005,0.4393667736035739,93494,7976,1.1507378733984024,0.09816977857643974,0.7860842674913027,0.6475608202776716,0.6475608202776716,1.0,1.0,0,2767,0.0,0.35243917972232836,861,2335,0.7735191637630662,0.29507494646680943,195,0.7981497064319293
11_dr.jpg,soft_structure_refined,0,2975,81247,160030,0.6010353245439889,0.4296286640319016,0.8924391054438933,0.9004020469915892,0.4530900456164469,87522,8739,1.0772336209336961,0.10756089455610669,0.7820353707725721,0.6420838109794931,0.6420838109794931,1.0,1.0,0,2810,0.0,0.3579161890205069,861,2315,0.7770034843205574,0.29892008639308854,192,0.7964989438494077
11_g.jpg,baseline_raw,0,0,73343,147080,0.5848572971060189,0.4132850318981823,0.8788568779569966,0.9068162773203167,0.43825129181397876,82622,8885,1.1265151411859347,0.12114312204300343,0.7820891514500538,0.6421563223459376,0.6421563223459376,1.0,1.0,0,3246,0.0,0.3578436776540624,1071,2284,0.6713352007469654,0.3095446584938704,352,0.7734630106783278
11_g.jpg,connected_recovery_raw,0,0,73343,161911,0.5629319799025734,0.3917225712561673,0.9028264456048976,0.892072131613465,0.4089654192735515,95695,7127,1.3047598271136986,0.09717355439510246,0.792465388711395,0.6562672252232389,0.6562672252232389,1.0,1.0,0,3118,0.0,0.3437327747767611,1071,2289,0.6629318394024276,0.30275229357798167,361,0.7781902470565054
11_g.jpg,soft_structure_refined,0,4577,73343,149880,0.5809258006567424,0.4093695741389652,0.8840380131709911,0.9040869242559412,0.43259941286362424,85042,8505,1.1595107917592682,0.1159619868290089,0.7831511167751023,0.6435894609194135,0.6435894609194135,1.0,1.0,0,3233,0.0,0.3564105390805865,1071,2281,0.6704014939309056,0.30951337132836476,353,0.7730033823579192
11_h.jpg,baseline_raw,0,0,89656,144620,0.6979716232136455,0.5360648321170755,0.9119188899794771,0.9277745351263409,0.5653367445719818,62861,7897,0.7011354510573748,0.0880811100205229,0.8605679473322198,0.7552604346326319,0.7552604346326319,1.0,1.0,0,1419,0.0,0.24473956536736804,265,2236,0.8566037735849057,0.16949910554561717,38,0.7741433228125083
11_h.jpg,connected_recovery_raw,0,0,89656,156319,0.6784510620998069,0.513375662938216,0.9306794860355135,0.9162652928037649,0.5337866798021994,72878,6215,0.812862496653877,0.06932051396448648,0.8677992579574302,0.7664711969644705,0.7664711969644705,1.0,1.0,0,1354,0.0,0.2335288030355295,265,2273,0.8566037735849057,0.16849978002639684,38,0.7783353257598097
11_h.jpg,soft_structure_refined,0,3745,89656,146098,0.6960730252721057,0.5338282271653774,0.9151757829927724,0.9264118555421764,0.5616161754438801,64047,7605,0.7143637904880878,0.08482421700722763,0.8623565191798293,0.7580200068989307,0.7580200068989307,1.0,1.0,0,1403,0.0,0.24197999310106932,265,2233,0.8566037735849057,0.17017465293327363,38,0.7738522312595332
12_dr.jpg,baseline_raw,0,0,65275,183399,0.45430563709917404,0.293916862222731,0.8653695901953274,0.858155299114253,0.308000588879983,126912,8788,1.944266564534661,0.13463040980467253,0.808197324825132,0.6781301482701813,0.6781301482701813,1.0,1.0,0,3126,0.0,0.3218698517298188,1089,3535,0.7915518824609734,0.21074964639321075,227,0.6761027138666493
12_dr.jpg,connected_recovery_raw,0,0,65275,200235,0.43568227185416747,0.27851264740864157,0.8860819609345079,0.8408494230070692,0.2888555946762554,142396,7436,2.18147836078131,0.11391803906549215,0.8190661478599222,0.6935749588138386,0.6935749588138386,1.0,1.0,0,2976,0.0,0.30642504118616143,1089,3537,0.7970615243342516,0.20752049759683347,221,0.6747122304207034
12_dr.jpg,soft_structure_refined,0,3247,65275,191111,0.44475127347047033,0.2859679393294946,0.8734431252393718,0.8501248987118947,0.2983292432146763,134097,8261,2.0543393335886635,0.1265568747606281,0.8108240479980409,0.681836902800659,0.681836902800659,1.0,1.0,0,3090,0.0,0.318163097199341,1089,3518,0.7887970615243343,0.21119954519613418,230,0.6737498084321144
12_g.jpg,baseline_raw,0,0,79252,161906,0.584513057829307,0.4129413281149299,0.8893150961489931,0.896195052387289,0.4353143181846256,91426,8772,1.1536112653308435,0.11068490385100692,0.8010798871027119,0.6681678607983623,0.6681678607983623,1.0,1.0,0,3242,0.0,0.3318321392016377,986,2351,0.7038539553752535,0.3215652913653764,292,0.7914924618606752
12_g.jpg,connected_recovery_raw,0,0,79252,171620,0.5700596320035716,0.3986597236934536,0.9022611416746581,0.886330709805756,0.41665307073767627,100114,7746,1.2632362590218544,0.09773885832534195,0.8071546303644466,0.6766632548618219,0.6766632548618219,1.0,1.0,0,3159,0.0,0.3233367451381781,986,2337,0.7028397565922921,0.3196405648267009,293,0.7935055319566715
12_g.jpg,soft_structure_refined,0,3432,79252,163682,0.582042859377444,0.41047986762272476,0.8920784333518397,0.8944272368486786,0.4319289842499481,92983,8553,1.1732574572250543,0.1079215666481603,0.8021823085882425,0.6697031729785057,0.6697031729785057,1.0,1.0,0,3227,0.0,0.3302968270214944,986,2344,0.7038539553752535,0.322098976109215,292,0.7913995012405762
12_h.jpg,baseline_raw,0,0,100849,163865,0.6845425629169595,0.5203836654988225,0.8984124780612599,0.9147286099882326,0.552918561010588,73261,10245,0.7264425031482712,0.1015875219387401,0.85153208058236,0.7414504716981132,0.7414504716981132,1.0,1.0,0,1754,0.0,0.25854952830188677,316,2554,0.8227848101265823,0.16405638214565388,56,0.7514187626331981
12_h.jpg,connected_recovery_raw,0,0,100849,172412,0.677337783291432,0.5121018614843179,0.9176590744578528,0.9070396240009032,0.5367665823724567,79867,8304,0.7919463752739244,0.08234092554214717,0.8606935930808632,0.7554540094339622,0.7554540094339622,1.0,1.0,0,1659,0.0,0.24454599056603774,316,2522,0.810126582278481,0.16098334655035687,60,0.7553419427961788
12_h.jpg,soft_structure_refined,0,3091,100849,166062,0.6833588724331331,0.5190168058140263,0.9043024720126129,0.9128628145692667,0.54918042658766,74864,9651,0.742337554165138,0.09569752798738708,0.8547311555668101,0.746314858490566,0.746314858490566,1.0,1.0,0,1721,0.0,0.25368514150943394,316,2539,0.8227848101265823,0.16423788893265065,56,0.7522022405299207
13_dr.jpg,baseline_raw,0,0,65778,173133,0.4874869721360674,0.3223026599807392,0.8852959956216364,0.8715084173728671,0.3363483564658384,114900,7545,1.7467846392410837,0.11470400437836359,0.8234672304439746,0.6999101527403414,0.6999101527403414,1.0,1.0,0,2004,0.0,0.3000898472596586,807,3468,0.8426270136307311,0.19521337946943484,127,0.6866801248285073
13_dr.jpg,connected_recovery_raw,0,0,65778,191344,0.46756014654521977,0.30510831827502893,0.9138313721913102,0.8532422597520526,0.3141462496864286,131234,5668,1.9951047462677491,0.08616862780868983,0.8369905956112853,0.7196765498652291,0.7196765498652291,1.0,1.0,0,1872,0.0,0.2803234501347709,807,3426,0.8190830235439901,0.19001751313485113,146,0.686910573188142
13_dr.jpg,soft_structure_refined,0,3063,65778,182440,0.4765004955321532,0.31276708271631054,0.8990543950865031,0.8621125402864166,0.3241504056128042,123302,6640,1.874517315819879,0.10094560491349691,0.8286265567444308,0.7073974243785565,0.7073974243785565,1.0,1.0,0,1954,0.0,0.29260257562144354,807,3445,0.8339529120198265,0.19477503628447024,134,0.6835744747914149
13_g.jpg,baseline_raw,0,0,65371,162426,0.49742533922747006,0.3310486674730193,0.8666840036101635,0.8817722206635377,0.34881115092411313,105770,8715,1.6179957473497422,0.13331599638983646,0.7838539617593832,0.6445393374741201,0.6445393374741201,1.0,1.0,0,2747,0.0,0.35546066252587993,790,3006,0.7417721518987341,0.21989354624085164,204,0.7171877271825811
13_g.jpg,connected_recovery_raw,0,0,65371,180547,0.47454029391911123,0.3110801891570569,0.8925823377338575,0.8634093015093407,0.32317900602059296,122198,7022,1.8692998424377782,0.10741766226614248,0.7991609043586357,0.6655020703933747,0.6655020703933747,1.0,1.0,0,2585,0.0,0.3344979296066253,790,2992,0.7455696202531645,0.21691176470588236,201,0.7213030939938462
13_g.jpg,soft_structure_refined,0,3941,65371,168765,0.4888782587897632,0.32352010129787906,0.8754952501873919,0.8753304442400146,0.33912244837495925,111533,8139,1.706154105031283,0.12450474981260803,0.7900422733677783,0.6529503105590062,0.6529503105590062,1.0,1.0,0,2682,0.0,0.3470496894409938,790,3001,0.7417721518987341,0.21992669110296567,204,0.7165800368925253
13_h.jpg,baseline_raw,0,0,83619,157580,0.6290905020335905,0.4588855084648372,0.9073057558688815,0.9067620133252546,0.481457037695139,81712,7751,0.9771941783565936,0.09269424413111853,0.8710217755443886,0.771513353115727,0.771513353115727,1.0,1.0,0,1386,0.0,0.228486646884273,287,2714,0.8571428571428571,0.1425939572586588,41,0.7267257841374493
13_h.jpg,connected_recovery_raw,0,0,83619,170711,0.6151771320725042,0.44422802823379764,0.935540965570026,0.8944728377269704,0.45825400823614176,92482,5390,1.105992657171217,0.06445903442997405,0.8863594639250963,0.795911638641609,0.795911638641609,1.0,1.0,0,1238,0.0,0.20408836135839103,287,2673,0.818815331010453,0.14104002992891881,52,0.7313001526353637
13_h.jpg,soft_structure_refined,0,3431,83619,160824,0.6288991707678273,0.4586819272219504,0.9192288833877468,0.9041980599761976,0.47794483410436256,83959,6754,1.0040660615410373,0.0807711166122532,0.8767706693824646,0.7805802835476426,0.7805802835476426,1.0,1.0,0,1331,0.0,0.2194197164523574,287,2677,0.8501742160278746,0.1441912588718715,43,0.7253821726733392
14_dr.jpg,baseline_raw,0,0,73321,194763,0.4690246340699184,0.3063567478010867,0.8574487527447798,0.8512494375078241,0.3227974512612765,131894,10452,1.7988570805089947,0.1425512472552202,0.7999558645040273,0.6666053696211842,0.6666053696211842,1.0,1.0,0,3626,0.0,0.3333946303788157,1110,3377,0.7702702702702703,0.2093574178264732,255,0.6886212996914025
14_dr.jpg,connected_recovery_raw,0,0,73321,204575,0.461784264616979,0.3002077367918702,0.8751108140914609,0.8416439320204945,0.3136453623365514,140411,9157,1.9150175256747726,0.12488918590853916,0.8092839938690607,0.679661640308937,0.679661640308937,1.0,1.0,0,3484,0.0,0.3203383596910629,1110,3336,0.7639639639639639,0.20833333333333334,262,0.6871766622087166
14_dr.jpg,soft_structure_refined,0,2242,73321,199643,0.466259286938937,0.3040013758312314,0.8679096029786828,0.8466107802259893,0.3187489669059271,136007,9685,1.8549528784386464,0.13209039702131722,0.8050321375597429,0.6736851783744023,0.6736851783744023,1.0,1.0,0,3549,0.0,0.32631482162559766,1110,3346,0.7783783783783784,0.21069934249850567,246,0.687237036340691
14_g.jpg,baseline_raw,0,0,67812,170547,0.49159461148939204,0.3259035105773456,0.8639768772488645,0.8745118741789847,0.3435299360293643,111959,9224,1.6510204683536838,0.13602312275113548,0.7780333525014376,0.6367058823529411,0.6367058823529411,1.0,1.0,0,2316,0.0,0.3632941176470588,737,3065,0.8426051560379919,0.20880913539967375,116,0.7181148588155823
14_g.jpg,connected_recovery_raw,0,0,67812,183977,0.4774156138671666,0.3135560946344263,0.8863328024538429,0.861158186391209,0.3266930105393609,123873,7708,1.826712086356397,0.11366719754615702,0.7907814871016692,0.6539607843137255,0.6539607843137255,1.0,1.0,0,2206,0.0,0.3460392156862745,737,3039,0.8371777476255088,0.20598881210924647,120,0.7214764731688063
14_g.jpg,soft_structure_refined,0,3671,67812,173707,0.4879947333336094,0.3227467153004836,0.8690202324072436,0.871353347052415,0.3392494257571658,114777,8882,1.6925765351265263,0.13097976759275645,0.7810707456978967,0.6407843137254902,0.6407843137254902,1.0,1.0,0,2290,0.0,0.3592156862745098,737,3060,0.8439620081411127,0.2088235294117647,115,0.717835153372794
14_h.jpg,baseline_raw,0,0,83705,160813,0.6242076247965385,0.4537077222166073,0.9117137566453617,0.9035735682618297,0.4745574051849042,84498,7390,1.0094737470879875,0.08828624335463832,0.8739159439626417,0.7760663507109005,0.7760663507109005,1.0,1.0,0,1890,0.0,0.22393364928909953,319,2698,0.7586206896551724,0.13825055596738325,77,0.7107078902338475
14_h.jpg,connected_recovery_raw,0,0,83705,173566,0.6055171395143643,0.4342234362805218,0.9305417836449436,0.8908187311350629,0.448768768076697,95675,5814,1.1430022101427633,0.06945821635505645,0.8883034773445733,0.7990521327014218,0.7990521327014218,1.0,1.0,0,1696,0.0,0.2009478672985782,319,2686,0.7460815047021944,0.13626209977661952,81,0.7173628407204862
14_h.jpg,soft_structure_refined,0,3487,83705,163666,0.6215441583694128,0.4508988533388076,0.918415865241025,0.9009580107155696,0.46971270758740363,86790,6829,1.0368556239173288,0.08158413475897497,0.8818970656421805,0.7887440758293839,0.7887440758293839,1.0,1.0,0,1783,0.0,0.21125592417061612,319,2673,0.7492163009404389,0.13767302656191546,80,0.710173920041573
15_dr.jpg,baseline_raw,0,0,62715,172515,0.4700845980529694,0.30726182470921026,0.8815913258391135,0.8693547757958731,0.320488073500855,117226,7426,1.8691860001594516,0.11840867416088655,0.7954939341421143,0.660431654676259,0.660431654676259,1.0,1.0,0,2124,0.0,0.339568345323741,769,3167,0.8296488946684005,0.18913798547521313,131,0.6712844171290442
15_dr.jpg,connected_recovery_raw,0,0,62715,183995,0.45836812451866565,0.297326574397375,0.9015705971458183,0.8579570593512652,0.30730182885404494,127453,6173,2.032257035796859,0.09842940285418161,0.809138505473584,0.6794564348521183,0.6794564348521183,1.0,1.0,0,2005,0.0,0.3205435651478817,769,3128,0.8205461638491548,0.1882992327365729,138,0.6587974916978375
15_dr.jpg,soft_structure_refined,0,1972,62715,179374,0.4634659154277972,0.301630741602998,0.8945228414254963,0.8626144424569674,0.312754356818714,123274,6615,1.9656222594275692,0.10547715857450371,0.803328869332313,0.6713029576338929,0.6713029576338929,1.0,1.0,0,2056,0.0,0.32869704236610714,769,3090,0.8205461638491548,0.19158576051779935,138,0.6625618334455047
15_g.jpg,baseline_raw,0,0,70117,162068,0.5203781467364386,0.3516967160147404,0.8615884878132265,0.8857647578389518,0.3727571142977022,101656,9705,1.449805325384714,0.13841151218677353,0.7691404612159329,0.6248807739474043,0.6248807739474043,1.0,1.0,0,2753,0.0,0.37511922605259573,892,2756,0.7511210762331838,0.2449201741654572,222,0.7164760201594942
15_g.jpg,connected_recovery_raw,0,0,70117,175825,0.5055256930495808,0.3382632211865467,0.8865895574539698,0.8722753440620845,0.3535617801791554,113660,7952,1.6210048918236661,0.11341044254603021,0.776221444055361,0.6342825998092383,0.6342825998092383,1.0,1.0,0,2684,0.0,0.3657174001907617,892,2729,0.7511210762331838,0.24624404543788933,222,0.7189513707140746
15_g.jpg,soft_structure_refined,0,4138,70117,163616,0.5190880192356235,0.3505191570991916,0.8651824807108119,0.8843083866081272,0.3707705847838842,102952,9453,1.4682887174294394,0.13481751928918806,0.7698625544753603,0.62583458236817,0.62583458236817,1.0,1.0,0,2746,0.0,0.3741654176318299,892,2752,0.75,0.2449127906976744,223,0.7161141142110401
15_h.jpg,baseline_raw,0,0,75278,151647,0.6184774705299108,0.4476781647326014,0.9321979861314063,0.9079111856605804,0.4627457186756085,81473,5104,1.0822949600148781,0.06780201386859375,0.8877833056937534,0.7982107355864811,0.7982107355864811,1.0,1.0,0,1421,0.0,0.20178926441351888,259,2710,0.7258687258687259,0.11439114391143912,71,0.6977994629367821
15_h.jpg,connected_recovery_raw,0,0,75278,168329,0.5863624608488262,0.41478982031059436,0.9487632508833922,0.890465027432346,0.4242940907389695,96908,3857,1.2873349451366933,0.05123674911660778,0.9016610777509163,0.8209315535359273,0.8209315535359273,1.0,1.0,0,1261,0.0,0.17906844646407272,259,2711,0.7258687258687259,0.11324234599778679,71,0.7011418454798749
15_h.jpg,soft_structure_refined,0,3846,75278,157201,0.6069537463598863,0.4357025079202357,0.9372193735221446,0.9020607603292333,0.44880121627725017,86649,4726,1.151053428624565,0.06278062647785541,0.8915473004879585,0.8043169554103948,0.8043169554103948,1.0,1.0,0,1378,0.0,0.19568304458960523,259,2709,0.7297297297297297,0.11443337024732374,70,0.6958865174272875
